date,Adj_Close_BTC-USD,Open_BTC-USD_lag_1,Open_BTC-USD_lag_2,Open_BTC-USD_lag_3,Open_BTC-USD_lag_4,Open_BTC-USD_lag_5,High_BTC-USD_lag_1,Low_BTC-USD_lag_1,Low_BTC-USD_lag_2,Low_BTC-USD_lag_3,Low_BTC-USD_lag_4,Low_BTC-USD_lag_5,Volume_BTC-USD_lag_1,Volume_BTC-USD_lag_2,Volume_BTC-USD_lag_3,Volume_BTC-USD_lag_4,Volume_BTC-USD_lag_5,Adj_Close_SPY_lag_1,Adj_Close_SPY_lag_2,Adj_Close_SPY_lag_3,Adj_Close_SPY_lag_4,Adj_Close_SPY_lag_5,Adj_Close_GLD_lag_1,Adj_Close_GLD_lag_2,Adj_Close_GLD_lag_3,Adj_Close_GLD_lag_4,Adj_Close_GLD_lag_5,Adj_Close_CHFUSD=X_lag_1,Adj_Close_CNYUSD=X_lag_1,Adj_Close_EURUSD=X_lag_1,Adj_Close_GBPUSD=X_lag_1,Adj_Close_JPYUSD=X_lag_1,coindesk_sentiment_lag_1,num_of_coindesk_posts_lag_1,reddit_comments_sentiments_lag_1,top_50_reddit_posts_sentiments_lag_1,blockchain_transactions_per_block_lag_1,blockchain_hash_rates_lag_1
2020-12-19,23869.83203,22806.79688,21308.35156,19418.81836,19246.91992,19144.49219,23238.60156,22399.8125,21234.67578,19298.31641,19079.8418,19012.70898,40387896275.0,71378606374.0,44409011479.0,26741982541.0,22473997681.0,367.9747925,369.4499817,367.3955078,366.8198242,361.9267883,176.4400024,176.7400055,174.8999939,173.9400024,171.5399933,1.130301118,0.153090119,1.226271629,1.357017875,0.009696406,0.31560125,2.0,0.166418818,0.107092888,2392.031847,131791042.0
2020-12-20,23477.29492,23132.86523,22806.79688,21308.35156,19418.81836,19246.91992,24085.85547,22826.47266,22399.8125,21234.67578,19298.31641,19079.8418,38487546580.0,40387896275.0,71378606374.0,44409011479.0,26741982541.0,367.9747925,367.9747925,369.4499817,367.3955078,366.8198242,176.4400024,176.4400024,176.7400055,174.8999939,173.9400024,1.130301118,0.153090119,1.226271629,1.357017875,0.009696406,0.25541339,7.0,0.094484801,0.417059626,2174.278481,133832920.6
2020-12-21,22803.08203,23861.76563,23132.86523,22806.79688,21308.35156,19418.81836,24209.66016,23147.71094,22826.47266,22399.8125,21234.67578,19298.31641,37844228422.0,38487546580.0,40387896275.0,71378606374.0,44409011479.0,367.9747925,367.9747925,367.9747925,369.4499817,367.3955078,176.4400024,176.4400024,176.4400024,176.7400055,174.8999939,1.130301118,0.153090119,1.226271629,1.357017875,0.009696406,0.2735923,9.0,0.147363141,0.507307804,1867.834437,136823648.1
2020-12-22,23783.0293,23474.45508,23861.76563,23132.86523,22806.79688,21308.35156,24059.98242,22159.36719,23147.71094,22826.47266,22399.8125,21234.67578,45852713981.0,37844228422.0,38487546580.0,40387896275.0,71378606374.0,366.6590881,367.9747925,367.9747925,367.9747925,369.4499817,175.8800049,176.4400024,176.4400024,176.4400024,176.7400055,1.129330993,0.152998775,1.226271629,1.340195179,0.009665851,0.25674678,9.0,0.178717349,0.539458725,1984.073529,135635056.1
2020-12-23,23241.3457,22794.03906,23474.45508,23861.76563,23132.86523,22806.79688,23789.90234,22430.60547,22159.36719,23147.71094,22826.47266,22399.8125,44171632681.0,45852713981.0,37844228422.0,38487546580.0,40387896275.0,366.0411072,366.6590881,367.9747925,367.9747925,367.9747925,174.4900055,175.8800049,176.4400024,176.4400024,176.4400024,1.129330993,0.152713716,1.223690629,1.344953656,0.009676795,0.31430832,14.0,0.110728852,0.532979326,2266.874126,134441785.8
2020-12-24,23735.94922,23781.97461,22794.03906,23474.45508,23861.76563,23132.86523,24024.49023,22802.64648,22430.60547,22159.36719,23147.71094,22826.47266,51146161904.0,44171632681.0,45852713981.0,37844228422.0,38487546580.0,366.3700562,366.0411072,366.6590881,367.9747925,367.9747925,175.6499939,174.4900055,175.8800049,176.4400024,176.4400024,1.126303673,0.152853772,1.218665123,1.339943767,0.009658664,0.25748702,10.0,0.155531154,0.354245913,2197.811688,134839542.6
2020-12-25,24664.79102,23240.20313,23781.97461,22794.03906,23474.45508,23861.76563,23768.33789,22777.59766,22802.64648,22430.60547,22159.36719,23147.71094,41080759713.0,51146161904.0,44171632681.0,45852713981.0,37844228422.0,367.7953796,366.3700562,366.0411072,366.6590881,367.9747925,176.3500061,175.6499939,174.4900055,175.8800049,176.4400024,1.126253009,0.152914554,1.21914053,1.350530028,0.009656983,0.25908544,9.0,0.130680667,0.505707448,2139.357143,136297984.0
2020-12-26,26437.03711,23733.57031,23240.20313,23781.97461,22794.03906,23474.45508,24710.10156,23463.67383,22777.59766,22802.64648,22430.60547,22159.36719,42068395846.0,41080759713.0,51146161904.0,44171632681.0,45852713981.0,367.7953796,367.7953796,366.3700562,366.0411072,366.6590881,176.3500061,176.3500061,175.6499939,174.4900055,175.8800049,1.122460365,0.153162822,1.218472004,1.355200887,0.009647574,0.33459449,3.0,0.091258664,0.416747378,2110.423611,135900227.3
2020-12-27,26272.29492,24677.01563,23733.57031,23240.20313,23781.97461,22794.03906,26718.07031,24522.68945,23463.67383,22777.59766,22802.64648,22430.60547,48332647295.0,42068395846.0,41080759713.0,51146161904.0,44171632681.0,367.7953796,367.7953796,367.7953796,366.3700562,366.0411072,176.3500061,176.3500061,176.3500061,175.6499939,174.4900055,1.122460365,0.153162822,1.218472004,1.355200887,0.009647574,0.21392508,5.0,0.134299701,0.527970349,1999.664234,134176614.6
2020-12-28,27084.80859,26439.37305,24677.01563,23733.57031,23240.20313,23781.97461,28288.83984,25922.76953,24522.68945,23463.67383,22777.59766,22802.64648,66479895605.0,48332647295.0,42068395846.0,41080759713.0,51146161904.0,367.7953796,367.7953796,367.7953796,367.7953796,366.3700562,176.3500061,176.3500061,176.3500061,176.3500061,175.6499939,1.122460365,0.153162822,1.218472004,1.355200887,0.009647574,0.190605,8.0,0.107263083,0.268068061,2087.871622,131392317.3
2020-12-29,27362.4375,26280.82227,26439.37305,24677.01563,23733.57031,23240.20313,27389.11133,26207.64063,25922.76953,24522.68945,23463.67383,22777.59766,49056742893.0,66479895605.0,48332647295.0,42068395846.0,41080759713.0,370.9550476,367.7953796,367.7953796,367.7953796,367.7953796,175.7100067,176.3500061,176.3500061,176.3500061,176.3500061,1.124315619,0.152886495,1.220509529,1.357238889,0.009658757,0.35033313,11.0,0.113387272,0.394271219,1931.14375,130994560.5
2020-12-30,28840.95313,27081.81055,26280.82227,26439.37305,24677.01563,23733.57031,27370.7207,25987.29883,26207.64063,25922.76953,24522.68945,23463.67383,45265946774.0,49056742893.0,66479895605.0,48332647295.0,42068395846.0,370.247345,370.9550476,367.7953796,367.7953796,367.7953796,176.3500061,175.7100067,176.3500061,176.3500061,176.3500061,1.125745773,0.153008133,1.222344518,1.346601844,0.009644224,0.26826869,17.0,0.073182778,0.652192437,2212.572368,134096925.5
2020-12-31,29001.7207,27360.08984,27081.81055,26280.82227,26439.37305,24677.01563,28937.74023,27360.08984,25987.29883,26207.64063,25922.76953,24522.68945,51287442704.0,45265946774.0,49056742893.0,66479895605.0,48332647295.0,370.7756042,370.247345,370.9550476,367.7953796,367.7953796,177.6999969,176.3500061,175.7100067,176.3500061,176.3500061,1.13109374,0.153139353,1.225295067,1.349990368,0.009656332,0.2154155,21.0,0.196145497,0.245982536,1966.616279,135214014.9
2021-01-01,29374.15234,28841.57422,27360.08984,27081.81055,26280.82227,26439.37305,29244.87695,28201.99219,27360.08984,25987.29883,26207.64063,25922.76953,46754964848.0,51287442704.0,45265946774.0,49056742893.0,66479895605.0,372.6594543,370.7756042,370.247345,370.9550476,367.7953796,178.3600006,177.6999969,176.3500061,175.7100067,176.3500061,1.134327054,0.153322503,1.229989648,1.363066316,0.009697346,0.23501737,18.0,0.127255547,0.466725523,2077.819277,137514350.9
2021-01-02,32127.26758,28994.00977,28841.57422,27360.08984,27081.81055,26280.82227,29600.62695,28803.58594,28201.99219,27360.08984,25987.29883,26207.64063,40730301359.0,46754964848.0,51287442704.0,45265946774.0,49056742893.0,372.6594543,372.6594543,370.7756042,370.247345,370.9550476,178.3600006,178.3600006,177.6999969,176.3500061,175.7100067,1.113461733,0.153099492,1.218026876,1.367300749,0.009687482,0.25429538,18.0,0.144793531,0.551627425,1732.080537,142734576.9
2021-01-03,32782.02344,29376.45508,28994.00977,28841.57422,27360.08984,27081.81055,33155.11719,29091.18164,28803.58594,28201.99219,27360.08984,25987.29883,67865420765.0,40730301359.0,46754964848.0,51287442704.0,45265946774.0,372.6594543,372.6594543,372.6594543,370.7756042,370.247345,178.3600006,178.3600006,178.3600006,177.6999969,176.3500061,1.113461733,0.153099492,1.218026876,1.367300749,0.009687482,0.11861765,6.0,0.242964357,0.538810445,1967.622517,143322827.6
2021-01-04,31971.91406,32129.4082,29376.45508,28994.00977,28841.57422,27360.08984,34608.55859,32052.31641,29091.18164,28803.58594,28201.99219,27360.08984,78665235202.0,67865420765.0,40730301359.0,46754964848.0,51287442704.0,372.6594543,372.6594543,372.6594543,372.6594543,370.7756042,178.3600006,178.3600006,178.3600006,178.3600006,177.6999969,1.113461733,0.153099492,1.218026876,1.367300749,0.009687482,0.19471613,5.0,0.139764985,0.379505413,2272.886076,145103346.2
2021-01-05,33992.42969,32810.94922,32129.4082,29376.45508,28994.00977,28841.57422,33440.21875,28722.75586,32052.31641,29091.18164,28803.58594,28201.99219,81163475344.0,78665235202.0,67865420765.0,40730301359.0,46754964848.0,367.5860901,372.6594543,372.6594543,372.6594543,372.6594543,182.3300018,178.3600006,178.3600006,178.3600006,178.3600006,1.132374644,0.153092474,1.225069761,1.368419647,0.009686262,0.20984035,14.0,0.177962,0.23578657,2160.312139,146350014.1
2021-01-06,36824.36328,31977.04102,32810.94922,32129.4082,29376.45508,28994.00977,34437.58984,30221.1875,28722.75586,32052.31641,29091.18164,28803.58594,67547324782.0,81163475344.0,78665235202.0,67865420765.0,40730301359.0,370.1177673,367.5860901,372.6594543,372.6594543,372.6594543,182.8699951,182.3300018,178.3600006,178.3600006,178.3600006,1.134764671,0.15478678,1.225159883,1.357159615,0.00969697,0.1892202,17.0,0.141432457,0.469306209,2255.356688,148066610.1
2021-01-07,39371.04297,34013.61328,31977.04102,32810.94922,32129.4082,29376.45508,36879.69922,33514.03516,30221.1875,28722.75586,32052.31641,29091.18164,75289433811.0,67547324782.0,81163475344.0,78665235202.0,67865420765.0,372.3305054,370.1177673,367.5860901,372.6594543,372.6594543,179.8999939,182.8699951,182.3300018,178.3600006,178.3600006,1.138718724,0.154913858,1.230027437,1.362954974,0.009739185,0.20558175,24.0,0.106192075,0.420143565,2245.107345,148727032.1
2021-01-08,40797.60938,36833.875,34013.61328,31977.04102,32810.94922,32129.4082,40180.36719,36491.19141,33514.03516,30221.1875,28722.75586,32052.31641,84762141031.0,75289433811.0,67547324782.0,81163475344.0,78665235202.0,377.8624268,372.3305054,370.1177673,367.5860901,372.6594543,179.4799957,179.8999939,182.8699951,182.3300018,178.3600006,1.138861418,0.154781982,1.234110832,1.362527728,0.009706476,0.26488168,24.0,0.120446332,0.315683476,2391.333333,149387454.0
2021-01-09,40254.54688,39381.76563,36833.875,34013.61328,31977.04102,32810.94922,41946.73828,36838.63672,36491.19141,33514.03516,30221.1875,28722.75586,88107519480.0,84762141031.0,75289433811.0,67547324782.0,81163475344.0,380.0153809,377.8624268,372.3305054,370.1177673,367.5860901,173.3399963,179.4799957,179.8999939,182.8699951,182.3300018,1.12975204,0.154387698,1.22714448,1.356962562,0.009634839,0.24200775,12.0,0.08619337,0.329939639,2422.472973,149651622.8
2021-01-10,38356.44141,40788.64063,39381.76563,36833.875,34013.61328,31977.04102,41436.35156,38980.875,36838.63672,36491.19141,33514.03516,30221.1875,61984162837.0,88107519480.0,84762141031.0,75289433811.0,67547324782.0,380.0153809,380.0153809,377.8624268,372.3305054,370.1177673,173.3399963,173.3399963,179.4799957,179.8999939,182.8699951,1.12975204,0.154387698,1.22714448,1.356962562,0.009634839,0.3680425,2.0,0.208409044,0.388287746,2312.151079,149519538.4
2021-01-11,35566.65625,40254.21875,40788.64063,39381.76563,36833.875,34013.61328,41420.19141,35984.62891,38980.875,36838.63672,36491.19141,33514.03516,79980747690.0,61984162837.0,88107519480.0,84762141031.0,75289433811.0,380.0153809,380.0153809,380.0153809,377.8624268,372.3305054,173.3399963,173.3399963,173.3399963,179.4799957,179.8999939,1.12975204,0.154387698,1.22714448,1.356962562,0.009634839,0.20700746,5.0,0.141938,0.423612747,2087.201258,148690226.4
2021-01-12,33922.96094,38346.53125,40254.21875,40788.64063,39381.76563,36833.875,38346.53125,30549.59961,35984.62891,38980.875,36838.63672,36491.19141,123000000000.0,79980747690.0,61984162837.0,88107519480.0,84762141031.0,377.4537659,380.0153809,380.0153809,380.0153809,377.8624268,173.0,173.3399963,173.3399963,173.3399963,179.4799957,1.126582861,0.154456854,1.218620539,1.351625323,0.009606978,0.17893788,10.0,0.132721514,0.564682654,2168.558442,151089413.1
2021-01-13,37316.35938,35516.35938,38346.53125,40254.21875,40788.64063,39381.76563,36568.52734,32697.97656,30549.59961,35984.62891,38980.875,36838.63672,74773277909.0,123000000000.0,79980747690.0,61984162837.0,88107519480.0,377.5334778,377.4537659,380.0153809,380.0153809,380.0153809,174.1199951,173.0,173.3399963,173.3399963,173.3399963,1.124075413,0.154328138,1.216070175,1.352411389,0.009603565,0.13645807,18.0,0.195181172,0.276151996,2274.506757,150775619.3
2021-01-14,39187.32813,33915.12109,35516.35938,38346.53125,40254.21875,40788.64063,37599.96094,32584.66797,32697.97656,30549.59961,35984.62891,38980.875,69364315979.0,74773277909.0,123000000000.0,79980747690.0,61984162837.0,378.5501709,377.5334778,377.4537659,380.0153809,380.0153809,173.3699951,174.1199951,173.0,173.3399963,173.3399963,1.128795505,0.154729292,1.220889449,1.367053986,0.009638368,0.19472039,17.0,0.133446042,0.439428338,2099.782895,151697118.5
2021-01-15,36825.36719,37325.10938,33915.12109,35516.35938,38346.53125,40254.21875,39966.40625,36868.5625,32584.66797,32697.97656,30549.59961,35984.62891,63615990033.0,69364315979.0,74773277909.0,123000000000.0,79980747690.0,377.2244873,378.5501709,377.5334778,377.4537659,380.0153809,173.2799988,173.3699951,174.1199951,173.0,173.3399963,1.127522826,0.154631197,1.216249108,1.364926815,0.009630479,0.17318559,19.0,0.061766309,0.258916511,2304.823129,150562301.3
2021-01-16,36178.14063,39156.70703,37325.10938,33915.12109,35516.35938,38346.53125,39577.71094,34659.58984,36868.5625,32584.66797,32697.97656,30549.59961,67760757881.0,63615990033.0,69364315979.0,74773277909.0,123000000000.0,374.4735107,377.2244873,378.5501709,377.5334778,377.4537659,171.1300049,173.2799988,173.3699951,174.1199951,173.0,1.125809193,0.154485479,1.215125918,1.3683635,0.009631313,0.17657823,23.0,0.176769807,0.702571606,2219.367742,149884529.2
2021-01-17,35791.27734,36821.64844,39156.70703,37325.10938,33915.12109,35516.35938,37864.36719,35633.55469,34659.58984,36868.5625,32584.66797,32697.97656,57706187875.0,67760757881.0,63615990033.0,69364315979.0,74773277909.0,374.4735107,374.4735107,377.2244873,378.5501709,377.5334778,171.1300049,171.1300049,173.2799988,173.3699951,174.1199951,1.125809193,0.154485479,1.215125918,1.3683635,0.009631313,0.43236,1.0,0.117355679,0.370415427,2098.37415,153019188.2
2021-01-18,36630.07422,36163.64844,36821.64844,39156.70703,37325.10938,33915.12109,36722.35156,34069.32031,35633.55469,34659.58984,36868.5625,32584.66797,52359854336.0,57706187875.0,67760757881.0,63615990033.0,69364315979.0,374.4735107,374.4735107,374.4735107,377.2244873,378.5501709,171.1300049,171.1300049,171.1300049,173.2799988,173.3699951,1.125809193,0.154485479,1.215125918,1.3683635,0.009631313,0.08119815,3.0,0.016949,0.530289476,2044.165414,155416162.9
2021-01-19,36069.80469,35792.23828,36163.64844,36821.64844,39156.70703,37325.10938,37299.28516,34883.84375,34069.32031,35633.55469,34659.58984,36868.5625,49511702429.0,52359854336.0,57706187875.0,67760757881.0,63615990033.0,374.4735107,374.4735107,374.4735107,374.4735107,377.2244873,171.1300049,171.1300049,171.1300049,171.1300049,173.2799988,1.120849967,0.154328138,1.206811309,1.357533574,0.009623898,0.19161365,23.0,0.130274128,0.560864809,2164.248276,151611247.4
2021-01-20,35547.75,36642.23438,35792.23828,36163.64844,36821.64844,39156.70703,37755.89063,36069.80469,34883.84375,34069.32031,35633.55469,34659.58984,57244195486.0,49511702429.0,52359854336.0,57706187875.0,67760757881.0,377.4138794,374.4735107,374.4735107,374.4735107,374.4735107,172.5800018,171.1300049,171.1300049,171.1300049,171.1300049,1.122460365,0.154049978,1.207729459,1.35812366,0.009642922,0.17733914,20.0,0.152624158,0.491598393,2181.765101,150294161.3
2021-01-21,30825.69922,36050.11328,36642.23438,35792.23828,36163.64844,36821.64844,36378.32813,33570.47656,36069.80469,34883.84375,34069.32031,35633.55469,66834573161.0,57244195486.0,49511702429.0,52359854336.0,57706187875.0,382.6367798,377.4138794,374.4735107,374.4735107,374.4735107,175.3899994,172.5800018,171.1300049,171.1300049,171.1300049,1.12612617,0.154371008,1.213886857,1.364424109,0.009624917,0.0975336,26.0,0.121353515,0.361529823,2232.687943,150440504.2
2021-01-22,33005.76172,35549.39844,36050.11328,36642.23438,35792.23828,36163.64844,35552.67969,30250.75,33570.47656,36069.80469,34883.84375,34069.32031,75643067688.0,66834573161.0,57244195486.0,49511702429.0,52359854336.0,382.9856262,382.6367798,377.4138794,374.4735107,374.4735107,175.2799988,175.3899994,172.5800018,171.1300049,171.1300049,1.124505162,0.154669464,1.21156311,1.366848469,0.009656704,0.14432442,19.0,0.080620419,0.428403894,2253.906977,148830732.2
2021-01-23,32067.64258,30817.625,35549.39844,36050.11328,36642.23438,35792.23828,33811.85156,28953.37305,30250.75,33570.47656,36069.80469,34883.84375,77207272511.0,75643067688.0,66834573161.0,57244195486.0,49511702429.0,381.6300659,382.9856262,382.6367798,377.4138794,374.4735107,173.8999939,175.2799988,175.3899994,172.5800018,171.1300049,1.129484057,0.154765218,1.216629386,1.372947454,0.009661276,0.15892952,18.0,0.148686708,0.431755564,2302.359155,146196560.0
2021-01-24,32289.37891,32985.75781,30817.625,35549.39844,36050.11328,36642.23438,33360.97656,31493.16016,28953.37305,30250.75,33570.47656,36069.80469,48354737975.0,77207272511.0,75643067688.0,66834573161.0,57244195486.0,381.6300659,381.6300659,382.9856262,382.6367798,377.4138794,173.8999939,173.8999939,175.2799988,175.3899994,172.5800018,1.129484057,0.154765218,1.216629386,1.372947454,0.009661276,0.06709833,2.0,0.104427001,0.409186292,1969.090323,144294102.3
2021-01-25,32366.39258,32064.37695,32985.75781,30817.625,35549.39844,36050.11328,32944.00781,31106.68555,31493.16016,28953.37305,30250.75,33570.47656,48643830599.0,48354737975.0,77207272511.0,75643067688.0,66834573161.0,381.6300659,381.6300659,381.6300659,382.9856262,382.6367798,173.8999939,173.8999939,173.8999939,175.2799988,175.3899994,1.129484057,0.154765218,1.216629386,1.372947454,0.009661276,0.19010944,2.0,0.141538402,0.60242883,1827.129496,145607574.3
2021-01-26,32569.84961,32285.79883,32064.37695,32985.75781,30817.625,35549.39844,34802.74219,32087.78711,31106.68555,31493.16016,28953.37305,30250.75,59897054838.0,48643830599.0,48354737975.0,77207272511.0,75643067688.0,383.1351624,381.6300659,381.6300659,381.6300659,382.9856262,174.0500031,173.8999939,173.8999939,173.8999939,175.2799988,1.129531264,0.154301941,1.216944695,1.368820429,0.009636046,0.19760195,12.0,0.152866328,0.366455471,2207.871429,146698957.5
2021-01-27,30432.54688,32358.61328,32285.79883,32064.37695,32985.75781,30817.625,32794.55078,31030.26563,32087.78711,31106.68555,31493.16016,28953.37305,60255421470.0,59897054838.0,48643830599.0,48354737975.0,77207272511.0,382.5371094,383.1351624,381.6300659,381.6300659,381.6300659,173.6199951,174.0500031,173.8999939,173.8999939,173.8999939,1.126100779,0.15435195,1.214624047,1.367899299,0.009637625,0.18569775,24.0,0.12605946,0.255176843,2092.763975,146182103.6
2021-01-28,31649.60547,32564.0293,32358.61328,32285.79883,32064.37695,32985.75781,32564.0293,29367.13867,31030.26563,32087.78711,31106.68555,31493.16016,62576762015.0,60255421470.0,59897054838.0,48643830599.0,48354737975.0,373.1877136,382.5371094,383.1351624,381.6300659,381.6300659,172.5200043,173.6199951,174.0500031,173.8999939,173.8999939,1.127777219,0.154710159,1.216299295,1.374154806,0.009652231,0.24027306,28.0,0.126461942,0.348499629,2278.542254,148185308.1
2021-01-29,34316.38672,30441.04102,32564.0293,32358.61328,32285.79883,32064.37695,31891.30078,30023.20703,29367.13867,31030.26563,32087.78711,31106.68555,78948162368.0,62576762015.0,60255421470.0,59897054838.0,48643830599.0,376.3972168,373.1877136,382.5371094,383.1351624,381.6300659,172.6799927,172.5200043,173.6199951,174.0500031,173.8999939,1.124985933,0.154270992,1.210507274,1.366941929,0.009602182,0.26603736,11.0,0.150814877,0.694551881,2242.386207,148549580.9
2021-01-30,34269.52344,34318.67188,30441.04102,32564.0293,32358.61328,32285.79883,38406.26172,32064.81445,30023.20703,29367.13867,31030.26563,32087.78711,118000000000.0,78948162368.0,62576762015.0,60255421470.0,59897054838.0,368.861908,376.3972168,373.1877136,382.5371094,383.1351624,172.6100006,172.6799927,172.5200043,173.6199951,174.0500031,1.125354409,0.155077234,1.212003708,1.372500896,0.009588555,0.18633651,22.0,0.157172504,0.529989581,2243.657895,151113601.5
2021-01-31,33114.35938,34295.93359,34318.67188,30441.04102,32564.0293,32358.61328,34834.70703,32940.1875,32064.81445,30023.20703,29367.13867,31030.26563,65141828798.0,118000000000.0,78948162368.0,62576762015.0,60255421470.0,368.861908,368.861908,376.3972168,373.1877136,382.5371094,172.6100006,172.6100006,172.6799927,172.5200043,173.6199951,1.125354409,0.155077234,1.212003708,1.372500896,0.009588555,0.22479242,4.0,0.150467629,0.313470905,2296.419118,152810307.7
2021-02-01,33537.17578,34270.87891,34295.93359,34318.67188,30441.04102,32564.0293,34288.33203,32270.17578,32940.1875,32064.81445,30023.20703,29367.13867,52754542671.0,65141828798.0,118000000000.0,78948162368.0,62576762015.0,368.861908,368.861908,368.861908,376.3972168,373.1877136,172.6100006,172.6100006,172.6100006,172.6799927,172.5200043,1.125354409,0.155077234,1.212003708,1.372500896,0.009588555,0.26121148,2.0,0.096527715,0.604972856,2019.118056,150095785.5
2021-02-02,35510.28906,33114.57813,34270.87891,34295.93359,34318.67188,30441.04102,34638.21484,32384.22852,32270.17578,32940.1875,32064.81445,30023.20703,61400400660.0,52754542671.0,65141828798.0,118000000000.0,78948162368.0,375.0018005,368.861908,368.861908,368.861908,376.3972168,174.2299957,172.6100006,172.6100006,172.6100006,172.6799927,1.121881247,0.155598432,1.212385774,1.369769096,0.009552376,0.23474191,20.0,0.163789281,0.438063402,2340.525,150835173.6
2021-02-03,37472.08984,33533.19922,33114.57813,34270.87891,34295.93359,34318.67188,35896.88281,33489.21875,32384.22852,32270.17578,32940.1875,32064.81445,63088585433.0,61400400660.0,52754542671.0,65141828798.0,118000000000.0,380.3044128,375.0018005,368.861908,368.861908,368.861908,172.1100006,174.2299957,172.6100006,172.6100006,172.6100006,1.115473866,0.154619247,1.206869483,1.367876768,0.009534616,0.17346024,19.0,0.106379629,0.515994656,2398.361842,147877621.2
2021-02-04,36926.06641,35510.82031,33533.19922,33114.57813,34270.87891,34295.93359,37480.1875,35443.98438,33489.21875,32384.22852,32270.17578,32940.1875,61166818159.0,63088585433.0,61400400660.0,52754542671.0,65141828798.0,380.6034241,380.3044128,375.0018005,368.861908,368.861908,171.8500061,172.1100006,174.2299957,172.6100006,172.6100006,1.114206195,0.154885083,1.203905463,1.365933657,0.00952127,0.22099854,22.0,0.168252,0.068367,2296.166667,146546722.6
2021-02-05,38144.30859,37475.10547,35510.82031,33533.19922,33114.57813,34270.87891,38592.17578,36317.5,35443.98438,33489.21875,32384.22852,32270.17578,68838074392.0,61166818159.0,63088585433.0,61400400660.0,52754542671.0,384.9292603,380.6034241,380.3044128,375.0018005,368.861908,168.1499939,171.8500061,172.1100006,174.2299957,172.6100006,1.113164306,0.154817939,1.204238892,1.364908218,0.009524263,0.2336621,17.0,0.172870268,0.063281,2298.675,147729743.5
2021-02-06,39266.01172,36931.54688,37475.10547,35510.82031,33533.19922,33114.57813,38225.90625,36658.76172,36317.5,35443.98438,33489.21875,32384.22852,58598066402.0,68838074392.0,61166818159.0,63088585433.0,61400400660.0,386.4443054,384.9292603,380.6034241,380.3044128,375.0018005,169.8099976,168.1499939,171.8500061,172.1100006,174.2299957,1.106157899,0.154542789,1.196673155,1.367614865,0.009472209,0.23788386,18.0,0.107607084,0.682998871,2133.378698,149947907.9
2021-02-07,38903.44141,38138.38672,36931.54688,37475.10547,35510.82031,33533.19922,40846.54688,38138.38672,36658.76172,36317.5,35443.98438,33489.21875,71326033653.0,58598066402.0,68838074392.0,61166818159.0,63088585433.0,386.4443054,386.4443054,384.9292603,380.6034241,380.3044128,169.8099976,169.8099976,168.1499939,171.8500061,172.1100006,1.106157899,0.154542789,1.196673155,1.367614865,0.009472209,0.33511143,2.0,0.204893309,0.472385926,2099.91195,152461827.4
2021-02-08,46196.46484,39250.19141,38138.38672,36931.54688,37475.10547,35510.82031,39621.83594,37446.15234,38138.38672,36658.76172,36317.5,35443.98438,65500641143.0,71326033653.0,58598066402.0,68838074392.0,61166818159.0,386.4443054,386.4443054,386.4443054,384.9292603,380.6034241,169.8099976,169.8099976,169.8099976,168.1499939,171.8500061,1.106157899,0.154542789,1.196673155,1.367614865,0.009472209,0.45723848,2.0,0.175723072,0.483274064,1835.666667,156496366.0
2021-02-09,46481.10547,38886.82813,39250.19141,38138.38672,36931.54688,37475.10547,46203.92969,38076.32422,37446.15234,38138.38672,36658.76172,36317.5,101000000000.0,65500641143.0,71326033653.0,58598066402.0,68838074392.0,389.2351685,386.4443054,386.4443054,386.4443054,384.9292603,171.5200043,169.8099976,169.8099976,169.8099976,168.1499939,1.112371802,0.154662296,1.204877377,1.373871684,0.009487666,0.05396968,8.0,0.125080295,0.564002738,2069.277778,158947631.1
2021-02-10,44918.18359,46184.99219,38886.82813,39250.19141,38138.38672,36931.54688,48003.72266,45166.96094,38076.32422,37446.15234,38138.38672,36658.76172,91809846886.0,101000000000.0,65500641143.0,71326033653.0,58598066402.0,388.9760132,389.2351685,386.4443054,386.4443054,386.4443054,172.0800018,171.5200043,169.8099976,169.8099976,169.8099976,1.112843394,0.155086845,1.205359578,1.37457037,0.0095048,0.2648559,24.0,0.150044316,0.570529818,2518.440559,165861253.1
2021-02-11,47909.33203,46469.76172,46184.99219,38886.82813,39250.19141,38138.38672,47145.56641,43881.15234,45166.96094,38076.32422,37446.15234,38138.38672,87301089896.0,91809846886.0,101000000000.0,65500641143.0,71326033653.0,388.8065491,388.9760132,389.2351685,386.4443054,386.4443054,172.7100067,172.0800018,171.5200043,169.8099976,169.8099976,1.120573759,0.155419484,1.211999297,1.381799459,0.009562516,0.26260019,22.0,0.147637116,0.504187014,2382.923077,165150693.7
2021-02-12,47504.85156,44898.71094,46469.76172,46184.99219,38886.82813,39250.19141,48463.46875,44187.76172,43881.15234,45166.96094,38076.32422,37446.15234,81388911810.0,87301089896.0,91809846886.0,101000000000.0,65500641143.0,389.4345093,388.8065491,388.9760132,389.2351685,386.4443054,171.2100067,172.7100067,172.0800018,171.5200043,169.8099976,1.123285055,0.154865891,1.212121248,1.383259773,0.009558859,0.21950952,20.0,0.144609144,0.501734929,2362.317829,164735889.6
2021-02-13,47105.51563,47877.03516,44898.71094,46469.76172,46184.99219,38886.82813,48745.73438,46424.97656,44187.76172,43881.15234,45166.96094,38076.32422,76555041196.0,81388911810.0,87301089896.0,91809846886.0,101000000000.0,391.3582153,389.4345093,388.8065491,388.9760132,389.2351685,170.6900024,171.2100067,172.7100067,172.0800018,171.5200043,1.123443961,0.154873073,1.21315062,1.381024718,0.00954736,0.27944551,18.0,0.145427673,0.632118688,2417.647887,160711290.0
2021-02-14,48717.28906,47491.20313,47877.03516,44898.71094,46469.76172,46184.99219,48047.74609,46392.28125,46424.97656,44187.76172,43881.15234,45166.96094,70250456155.0,76555041196.0,81388911810.0,87301089896.0,91809846886.0,391.3582153,391.3582153,389.4345093,388.8065491,388.9760132,170.6900024,170.6900024,171.2100067,172.7100067,172.0800018,1.123443961,0.154873073,1.21315062,1.381024718,0.00954736,0.21786758,5.0,0.139136993,0.556727005,2144.101911,157334595.4
2021-02-15,47945.05859,47114.50781,47491.20313,47877.03516,44898.71094,46469.76172,49487.64063,47114.50781,46392.28125,46424.97656,44187.76172,43881.15234,71248675228.0,70250456155.0,76555041196.0,81388911810.0,87301089896.0,391.3582153,391.3582153,391.3582153,389.4345093,388.8065491,170.6900024,170.6900024,170.6900024,171.2100067,172.7100067,1.123443961,0.154873073,1.21315062,1.381024718,0.00954736,0.19847495,5.0,0.174799548,0.496144563,2001.704698,157086558.6
2021-02-16,49199.87109,48696.53516,47114.50781,47491.20313,47877.03516,44898.71094,48875.57031,46347.47656,47114.50781,46392.28125,46424.97656,44187.76172,77069903166.0,71248675228.0,70250456155.0,76555041196.0,81388911810.0,391.3582153,391.3582153,391.3582153,391.3582153,389.4345093,170.6900024,170.6900024,170.6900024,170.6900024,171.2100067,1.121379256,0.154865891,1.212209344,1.387154937,0.009518461,0.13708361,19.0,0.159414015,0.489156719,2043.019868,156021049.0
2021-02-17,52149.00781,47944.45703,48696.53516,47114.50781,47491.20313,47877.03516,50341.10156,47201.30469,46347.47656,47114.50781,46392.28125,46424.97656,77049582886.0,77069903166.0,71248675228.0,70250456155.0,76555041196.0,391.0193176,391.3582153,391.3582153,391.3582153,391.3582153,168.2400055,170.6900024,170.6900024,170.6900024,170.6900024,1.123805165,0.154865891,1.213219643,1.391478539,0.009488836,0.1797613,19.0,0.122414532,0.589285984,2449.487603,154346676.7
2021-02-18,51679.79688,49207.27734,47944.45703,48696.53516,47114.50781,47491.20313,52533.91406,49072.37891,47201.30469,46347.47656,47114.50781,46392.28125,80820545404.0,77049582886.0,77069903166.0,71248675228.0,70250456155.0,391.1090393,391.0193176,391.3582153,391.3582153,391.3582153,166.3300018,168.2400055,170.6900024,170.6900024,170.6900024,1.119547606,0.15486829,1.209248304,1.388811707,0.009424805,0.17862037,23.0,0.172376281,0.554368799,2301.927536,150997932.3
2021-02-19,55888.13281,52140.97266,49207.27734,47944.45703,48696.53516,47114.50781,52474.10547,51015.76563,49072.37891,47201.30469,46347.47656,47114.50781,52054723579.0,80820545404.0,77049582886.0,77069903166.0,71248675228.0,389.4444885,391.1090393,391.0193176,391.3582153,391.3582153,166.3200073,166.3300018,168.2400055,170.6900024,170.6900024,1.113052726,0.154856294,1.204800487,1.386635542,0.009446349,0.16831836,19.0,0.135458761,0.637263758,2313.518248,150236854.0
2021-02-20,56099.51953,51675.98047,52140.97266,49207.27734,47944.45703,48696.53516,56113.65234,50937.27734,51015.76563,49072.37891,47201.30469,46347.47656,63495496918.0,52054723579.0,80820545404.0,77049582886.0,77069903166.0,388.7567139,389.4444885,391.1090393,391.0193176,391.3582153,167.0099945,166.3200073,166.3300018,168.2400055,170.6900024,1.116308093,0.154149711,1.209189773,1.396745563,0.009465036,0.12807205,18.0,0.186830039,0.599992568,2232.588235,151454579.2
2021-02-21,57539.94531,55887.33594,51675.98047,52140.97266,49207.27734,47944.45703,57505.22656,54626.55859,50937.27734,51015.76563,49072.37891,47201.30469,68145460026.0,63495496918.0,52054723579.0,80820545404.0,77049582886.0,388.7567139,388.7567139,389.4444885,391.1090393,391.0193176,167.0099945,167.0099945,166.3200073,166.3300018,168.2400055,1.116308093,0.154149711,1.209189773,1.396745563,0.009465036,0.1617303,3.0,0.155691261,0.568945245,2195.034247,153151584.7
2021-02-22,54207.32031,56068.56641,55887.33594,51675.98047,52140.97266,49207.27734,58330.57031,55672.60938,54626.55859,50937.27734,51015.76563,49072.37891,51897585191.0,68145460026.0,63495496918.0,52054723579.0,80820545404.0,388.7567139,388.7567139,388.7567139,389.4444885,391.1090393,167.0099945,167.0099945,167.0099945,166.3200073,166.3300018,1.116308093,0.154149711,1.209189773,1.396745563,0.009465036,0.13622262,5.0,0.206334392,0.620018581,1926.560284,151777618.0
2021-02-23,48824.42578,57532.73828,56068.56641,55887.33594,51675.98047,52140.97266,57533.39063,48967.56641,55672.60938,54626.55859,50937.27734,51015.76563,92052420332.0,51897585191.0,68145460026.0,63495496918.0,52054723579.0,385.76651,388.7567139,388.7567139,388.7567139,389.4444885,169.5099945,167.0099945,167.0099945,167.0099945,166.3200073,1.11521256,0.154182985,1.212635636,1.403114915,0.009477415,0.26345638,21.0,0.107302866,0.638897342,2145.736842,150850010.3
2021-02-24,49705.33203,54204.92969,57532.73828,56068.56641,55887.33594,51675.98047,54204.92969,45290.58984,48967.56641,55672.60938,54626.55859,50937.27734,106000000000.0,92052420332.0,51897585191.0,68145460026.0,63495496918.0,386.2349854,385.76651,388.7567139,388.7567139,388.7567139,169.1199951,169.5099945,167.0099945,167.0099945,167.0099945,1.116457701,0.154724509,1.216679692,1.40712285,0.009525261,0.22310924,21.0,0.083992086,0.601104326,2266.80315,148383785.5
2021-02-25,47093.85156,48835.08594,54204.92969,57532.73828,56068.56641,55887.33594,51290.13672,47213.5,45290.58984,48967.56641,55672.60938,54626.55859,63695521388.0,106000000000.0,92052420332.0,51897585191.0,68145460026.0,390.4910278,386.2349854,385.76651,388.7567139,388.7567139,169.0,169.1199951,169.5099945,167.0099945,167.0099945,1.104850292,0.154726908,1.215214491,1.412030578,0.00949821,0.26584275,27.0,0.112500209,0.362503585,2252.150943,149558391.0
2021-02-26,46339.76172,49709.08203,48835.08594,54204.92969,57532.73828,56068.56641,51948.96875,47093.85156,47213.5,45290.58984,48967.56641,55672.60938,54506565949.0,63695521388.0,106000000000.0,92052420332.0,51897585191.0,381.0818481,390.4910278,386.2349854,385.76651,388.7567139,165.8200073,169.0,169.1199951,169.5099945,167.0099945,1.103022337,0.15489468,1.217137218,1.414827466,0.009438949,0.21918395,11.0,0.159664164,0.488428891,2090.487179,153082073.7
2021-02-27,46188.45313,47180.46484,49709.08203,48835.08594,54204.92969,57532.73828,48370.78516,44454.84375,47093.85156,47213.5,45290.58984,48967.56641,351000000000.0,54506565949.0,63695521388.0,106000000000.0,92052420332.0,379.1182861,381.0818481,390.4910278,386.2349854,385.76651,161.8099976,165.8200073,169.0,169.1199951,169.5099945,1.104276896,0.154947475,1.216042042,1.400815248,0.009400352,0.25853174,17.0,0.226217343,0.591491835,2204.431655,156295152.3
2021-02-28,45137.76953,46344.77344,47180.46484,49709.08203,48835.08594,54204.92969,48253.26953,45269.02734,44454.84375,47093.85156,47213.5,45290.58984,45910946382.0,351000000000.0,54506565949.0,63695521388.0,106000000000.0,379.1182861,379.1182861,381.0818481,390.4910278,386.2349854,161.8099976,161.8099976,165.8200073,169.0,169.1199951,1.104276896,0.154947475,1.216042042,1.400815248,0.009400352,0.10373248,4.0,0.145975658,0.262498367,2043.210191,154427502.3
2021-03-01,49631.24219,46194.01563,46344.77344,47180.46484,49709.08203,48835.08594,46716.42969,43241.61719,45269.02734,44454.84375,47093.85156,47213.5,53443887451.0,45910946382.0,351000000000.0,54506565949.0,63695521388.0,379.1182861,379.1182861,379.1182861,381.0818481,390.4910278,161.8099976,161.8099976,161.8099976,165.8200073,169.0,1.104276896,0.154947475,1.216042042,1.400815248,0.009400352,0.35815522,5.0,0.166213943,0.362577723,1941.343511,156124507.8
2021-03-02,48378.98828,45159.50391,46194.01563,46344.77344,47180.46484,49709.08203,49784.01563,45115.09375,43241.61719,45269.02734,44454.84375,47093.85156,53891300112.0,53443887451.0,45910946382.0,351000000000.0,54506565949.0,388.308197,379.1182861,379.1182861,379.1182861,381.0818481,161.5299988,161.8099976,161.8099976,161.8099976,165.8200073,1.102049828,0.154371008,1.208956003,1.397252917,0.009389407,0.30282896,16.0,0.17359086,0.5800642,2157.576923,154581775.5
2021-03-03,50538.24219,49612.10547,45159.50391,46194.01563,46344.77344,47180.46484,50127.51172,47228.84375,45115.09375,43241.61719,45269.02734,44454.84375,47530897720.0,53891300112.0,53443887451.0,45910946382.0,351000000000.0,385.2781372,388.308197,379.1182861,379.1182861,379.1182861,162.4100037,161.5299988,161.8099976,161.8099976,161.8099976,1.093015671,0.154722109,1.205109596,1.392951727,0.009358827,0.19470861,17.0,0.186597408,0.388096222,2364.685315,154118955.8
2021-03-04,48561.16797,48415.81641,49612.10547,45159.50391,46194.01563,46344.77344,52535.13672,48274.32031,47228.84375,45115.09375,43241.61719,45269.02734,53220811975.0,47530897720.0,53891300112.0,53443887451.0,45910946382.0,380.1748352,385.2781372,388.308197,379.1182861,379.1182861,160.6199951,162.4100037,161.5299988,161.8099976,161.8099976,1.092896104,0.154571444,1.208546758,1.395498157,0.009366979,0.19793686,20.0,0.109527176,0.389408167,2193.434211,156587327.5
2021-03-05,48927.30469,50522.30469,48415.81641,49612.10547,45159.50391,46194.01563,51735.08984,47656.92969,48274.32031,47228.84375,45115.09375,43241.61719,52343816680.0,53220811975.0,47530897720.0,53891300112.0,53443887451.0,375.4702454,380.1748352,385.2781372,388.308197,379.1182861,159.0399933,160.6199951,162.4100037,161.5299988,161.8099976,1.087311029,0.154635981,1.205066085,1.39269948,0.009340731,0.20015101,22.0,0.165742489,0.425608029,2262.742188,155507414.9
2021-03-06,48912.38281,48527.03125,50522.30469,48415.81641,49612.10547,45159.50391,49396.42969,46542.51563,47656.92969,48274.32031,47228.84375,45115.09375,48625928883.0,52343816680.0,53220811975.0,47530897720.0,53891300112.0,382.3776245,375.4702454,380.1748352,385.2781372,388.308197,159.1399994,159.0399933,160.6199951,162.4100037,161.5299988,1.076101899,0.154583395,1.196773529,1.3894099,0.009263119,0.21862311,17.0,0.158783513,0.595820361,2132.751678,151187764.5
2021-03-07,51206.69141,48899.23047,48527.03125,50522.30469,48415.81641,49612.10547,49147.21875,47257.52734,46542.51563,47656.92969,48274.32031,47228.84375,34363564661.0,48625928883.0,52343816680.0,53220811975.0,47530897720.0,382.3776245,382.3776245,375.4702454,380.1748352,385.2781372,159.1399994,159.1399994,159.0399933,160.6199951,162.4100037,1.076101899,0.154583395,1.196773529,1.3894099,0.009263119,0.24355421,3.0,0.137374132,0.398116482,1894.493421,152730496.8
2021-03-08,52246.52344,48918.67969,48899.23047,48527.03125,50522.30469,48415.81641,51384.36719,48918.67969,47257.52734,46542.51563,47656.92969,48274.32031,43137459378.0,34363564661.0,48625928883.0,52343816680.0,53220811975.0,382.3776245,382.3776245,382.3776245,375.4702454,380.1748352,159.1399994,159.1399994,159.1399994,159.0399933,160.6199951,1.076101899,0.154583395,1.196773529,1.3894099,0.009263119,0.41890574,1.0,0.155101343,0.476669687,1785.883562,151688789.9
2021-03-09,54824.11719,51174.11719,48918.67969,48899.23047,48527.03125,50522.30469,52314.07031,49506.05469,48918.67969,47257.52734,46542.51563,47656.92969,48597428048.0,43137459378.0,34363564661.0,48625928883.0,52343816680.0,380.4738464,382.3776245,382.3776245,382.3776245,375.4702454,157.4900055,159.1399994,159.1399994,159.1399994,159.0399933,1.075037599,0.153947994,1.192563176,1.385367751,0.009223476,0.23582186,19.0,0.17286101,0.50553997,1883.580645,153716875.8
2021-03-10,56008.55078,52272.96875,51174.11719,48918.67969,48899.23047,48527.03125,54824.11719,51981.83203,49506.05469,48918.67969,47257.52734,46542.51563,50912227385.0,48597428048.0,43137459378.0,34363564661.0,48625928883.0,385.9060669,380.4738464,382.3776245,382.3776245,382.3776245,160.8399963,157.4900055,159.1399994,159.1399994,159.1399994,1.06860435,0.153266102,1.185171127,1.382361054,0.009179449,0.18841195,21.0,0.194039332,0.523964941,2140.585714,157270063.0
