date,Adj_Close_BTC-USD,Open_BTC-USD_lag_1,Open_BTC-USD_lag_2,Open_BTC-USD_lag_3,Open_BTC-USD_lag_4,Open_BTC-USD_lag_5,High_BTC-USD_lag_1,Low_BTC-USD_lag_1,Low_BTC-USD_lag_2,Low_BTC-USD_lag_3,Low_BTC-USD_lag_4,Low_BTC-USD_lag_5,Volume_BTC-USD_lag_1,Volume_BTC-USD_lag_2,Volume_BTC-USD_lag_3,Volume_BTC-USD_lag_4,Volume_BTC-USD_lag_5,Adj_Close_SPY_lag_1,Adj_Close_SPY_lag_2,Adj_Close_SPY_lag_3,Adj_Close_SPY_lag_4,Adj_Close_SPY_lag_5,Adj_Close_GLD_lag_1,Adj_Close_GLD_lag_2,Adj_Close_GLD_lag_3,Adj_Close_GLD_lag_4,Adj_Close_GLD_lag_5,Adj_Close_CHFUSD=X_lag_1,Adj_Close_CNYUSD=X_lag_1,Adj_Close_EURUSD=X_lag_1,Adj_Close_GBPUSD=X_lag_1,Adj_Close_JPYUSD=X_lag_1,coindesk_sentiment_lag_1,num_of_coindesk_posts_lag_1,reddit_comments_sentiments_lag_1,top_50_reddit_posts_sentiments_lag_1,blockchain_transactions_per_block_lag_1,blockchain_hash_rates_lag_1
21/12/20,0,0.03102307,0.014195743,0.067959512,0.092856473,0.008891571,0.005126975,0.013974952,0.018868356,0.053417093,0.095617636,0.011385485,-0.016856241,-0.048195419,-0.569468051,0.474555784,0.5072077,0,0,-0.004000927,0.005576418,0.00156816,0,0,-0.001698868,0.01046541,0.005503921,0,0,0,0,0,0.068755672,0.251314428,0.444460902,0.195888728,-0.151917172,0.022100696
22/12/20,1,-0.016364601,0.03102307,0.014195743,0.067959512,0.092856473,-0.006201754,-0.043635591,0.013974952,0.018868356,0.053417093,0.095617636,0.191955907,-0.016856241,-0.048195419,-0.569468051,0.474555784,-0.003581936,0,0,-0.004000927,0.005576418,-0.003178917,0,0,-0.001698868,0.01046541,-0.000858658,-0.000596846,0,-0.012474294,-0.003156143,-0.063548735,0,0.192905615,0.061448348,0.060372364,-0.008724989
23/12/20,0,-0.029413755,-0.016364601,0.03102307,0.014195743,0.067959512,-0.011288761,0.012166037,-0.043635591,0.013974952,0.018868356,0.053417093,-0.037351601,0.191955907,-0.016856241,-0.048195419,-0.569468051,-0.001686859,-0.003581936,0,0,-0.004000927,-0.007934507,-0.003178917,0,0,-0.001698868,0,-0.001864883,-0.002106972,0.003544297,0.001131593,0.202284108,0.441832752,-0.478721064,-0.01208364,0.133249776,-0.008836582
24/12/20,1,0.042428867,-0.029413755,-0.016364601,0.03102307,0.014195743,0.009812517,0.016450261,0.012166037,-0.043635591,0.013974952,0.018868356,0.146604665,-0.037351601,0.191955907,-0.016856241,-0.048195419,0.000898263,-0.001686859,-0.003581936,0,0,0.006625879,-0.007934507,-0.003178917,0,0,-0.002684231,0.000916694,-0.0041153,-0.003731908,-0.001875415,-0.199405104,-0.336472237,0.339761621,-0.408491294,-0.030939667,0.002954212
25/12/20,1,-0.023044252,0.042428867,-0.029413755,-0.016364601,0.03102307,-0.010719382,-0.001099109,0.016450261,0.012166037,-0.043635591,0.013974952,-0.219147575,0.146604665,-0.037351601,0.191955907,-0.016856241,0.003882845,0.000898263,-0.001686859,-0.003581936,0,0.003977347,0.006625879,-0.007934507,-0.003178917,0,-4.50E-05,0.000397569,0.000390029,0.007869481,-0.000174056,0.00618858,-0.105360516,-0.174089368,0.355966995,-0.026956795,0.010758049
26/12/20,1,0.021006842,-0.023044252,0.042428867,-0.029413755,-0.016364601,0.038857776,0.029675937,-0.001099109,0.016450261,0.012166037,-0.043635591,0.023756888,-0.219147575,0.146604665,-0.037351601,0.191955907,0,0.003882845,0.000898263,-0.001686859,-0.003581936,0,0.003977347,0.006625879,-0.007934507,-0.003178917,-0.003373171,0.001622257,-0.000548509,0.003452571,-0.000974796,0.25576143,-1.098612289,-0.359058755,-0.193478106,-0.013616693,-0.002922554
27/12/20,0,0.038981754,0.021006842,-0.023044252,0.042428867,-0.029413755,0.078127997,0.044145358,0.029675937,-0.001099109,0.016450261,0.012166037,0.138810493,0.023756888,-0.219147575,0.146604665,-0.037351601,0,0,0.003882845,0.000898263,-0.001686859,0,0,0.003977347,0.006625879,-0.007934507,0,0,0,0,0,-0.447293461,0.510825624,0.386375941,0.236559895,-0.053909407,-0.012764042
28/12/20,1,0.068982033,0.038981754,0.021006842,-0.023044252,0.042428867,0.057127248,0.055522926,0.044145358,0.029675937,-0.001099109,0.016450261,0.31879232,0.138810493,0.023756888,-0.219147575,0.146604665,0,0,0,0.003882845,0.000898263,0,0,0,0.003977347,0.006625879,0,0,0,0,0,-0.115422636,0.470003629,-0.224789341,-0.677799218,0.043165901,-0.020969315
29/12/20,1,-0.006014821,0.068982033,0.038981754,0.021006842,-0.023044252,-0.032321837,0.01092928,0.055522926,0.044145358,0.029675937,-0.001099109,-0.303921934,0.31879232,0.138810493,0.023756888,-0.219147575,0.00855414,0,0,0,0.003882845,-0.003635744,0,0,0,0.003977347,0.001651481,-0.001805768,0.0016708,0.001502708,0.00115848,0.608681278,0.318453731,0.055524609,0.385798138,-0.07803274,-0.003031837
30/12/20,1,0.030022823,-0.006014821,0.068982033,0.038981754,0.021006842,-0.000671683,-0.008443083,0.01092928,0.055522926,0.044145358,0.029675937,-0.080422623,-0.303921934,0.31879232,0.138810493,0.023756888,-0.001909607,0.00855414,0,0,0,0.003635744,-0.003635744,0,0,0,0.001271213,0.000795294,0.001502332,-0.007868141,-0.001505778,-0.266895449,0.435318071,-0.437849025,0.503300622,0.136043362,0.023407064
31/12/20,1,0.010223071,0.030022823,-0.006014821,0.068982033,0.038981754,0.055672779,0.051477464,-0.008443083,0.01092928,0.055522926,0.044145358,0.124890918,-0.080422623,-0.303921934,0.31879232,0.138810493,0.001425757,-0.001909607,0.00855414,0,0,0.007626026,0.003635744,-0.003635744,0,0,0.004739351,0.000857234,0.002410935,0.002513191,0.001254679,-0.219420332,0.211309094,0.985896595,-0.975079126,-0.117841365,0.008295956
1/1/21,1,0.052732519,0.010223071,0.030022823,-0.006014821,0.068982033,0.010557778,0.030307244,0.051477464,-0.008443083,0.01092928,0.055522926,-0.092525491,0.124890918,-0.080422623,-0.303921934,0.31879232,0.005067972,0.001425757,-0.001909607,0.00855414,0,0.003707265,0.007626026,0.003635744,-0.003635744,0,0.002854495,0.001195255,0.003824067,0.009639348,0.004238374,0.087090705,-0.15415068,-0.43265947,0.640480798,0.055004478,0.016869463
2/1/21,1,0.005271353,0.052732519,0.010223071,0.030022823,-0.006014821,0.012091131,0.021107271,0.030307244,0.051477464,-0.008443083,0.01092928,-0.137948129,-0.092525491,0.124890918,-0.080422623,-0.303921934,0,0.005067972,0.001425757,-0.001909607,0.00855414,0,0.003707265,0.007626026,0.003635744,-0.003635744,-0.01856573,-0.001455581,-0.009773518,0.003101734,-0.001017703,0.078837078,0,0.129111558,0.167131524,-0.181995611,0.037258518
3/1/21,1,0.013104257,0.005271353,0.052732519,0.010223071,0.030022823,0.113401528,0.009935201,0.021107271,0.030307244,0.051477464,-0.008443083,0.510554317,-0.137948129,-0.092525491,0.124890918,-0.080422623,0,0,0.005067972,0.001425757,-0.001909607,0,0,0.003707265,0.007626026,0.003635744,0,0,0,0,0,-0.76259121,-1.098612289,0.51760595,-0.023509034,0.127502661,0.004112822
4/1/21,0,0.089578248,0.013104257,0.005271353,0.052732519,0.010223071,0.04290394,0.096934364,0.009935201,0.021107271,0.030307244,0.051477464,0.147674682,0.510554317,-0.137948129,-0.092525491,0.124890918,0,0,0,0.005067972,0.001425757,0,0,0,0.003707265,0.007626026,0,0,0,0,0,0.495637459,-0.182321557,-0.55295242,-0.35049497,0.144224453,0.012346599
5/1/21,1,0.020990523,0.089578248,0.013104257,0.005271353,0.052732519,-0.03434168,-0.10967976,0.096934364,0.009935201,0.021107271,0.030307244,0.031264015,0.147674682,0.510554317,-0.137948129,-0.092525491,-0.013707461,0,0,0,0.005067972,0.022014259,0,0,0,0.003707265,0.016843042,-4.58E-05,0.005765555,0.000817992,-0.000125944,0.074804249,1.029619417,0.241607711,-0.475941829,-0.050797703,0.008554889
6/1/21,1,-0.0257441,0.020990523,0.089578248,0.013104257,0.005271353,0.029389366,0.050853556,-0.10967976,0.096934364,0.009935201,0.021107271,-0.183636875,0.031264015,0.147674682,0.510554317,-0.137948129,0.006863695,-0.013707461,0,0,0,0.002957249,0.022014259,0,0,0,0.002108408,0.011006413,7.36E-05,-0.008262534,0.001104873,-0.103435587,0.194156014,-0.229747777,0.688328422,0.043055417,0.011661131
7/1/21,1,0.061742658,-0.0257441,0.020990523,0.089578248,0.013104257,0.068512547,0.10342106,0.050853556,-0.10967976,0.096934364,0.009935201,0.108511344,-0.183636875,0.031264015,0.147674682,0.510554317,0.00596067,0.006863695,-0.013707461,0,0,-0.016374384,0.002957249,0.022014259,0,0,0.003478413,0.000820651,0.003965123,0.00426112,0.004343973,0.082932349,0.344840486,-0.286572785,-0.110658979,-0.004554802,0.004450386
8/1/21,1,0.079657103,0.061742658,-0.0257441,0.020990523,0.089578248,0.085717255,0.085106589,0.10342106,0.050853556,-0.10967976,0.096934364,0.118509189,0.108511344,-0.183636875,0.031264015,0.147674682,0.014748264,0.00596067,0.006863695,-0.013707461,0,-0.00233735,-0.016374384,0.002957249,0.022014259,0,0.000125303,-0.000851649,0.003314261,-0.00031352,-0.003364147,0.253439471,0,0.125954793,-0.285856421,0.063097755,0.004430667
9/1/21,0,0.06688497,0.079657103,0.061742658,-0.0257441,0.020990523,0.043022179,0.009476305,0.085106589,0.10342106,0.050853556,-0.10967976,0.038708888,0.118509189,0.108511344,-0.183636875,0.031264015,0.005681549,0.014748264,0.00596067,0.006863695,-0.013707461,-0.034808795,-0.00233735,-0.016374384,0.002957249,0.022014259,-0.008030832,-0.002550601,-0.005660827,-0.004092807,-0.0074077,-0.090313485,-0.693147181,-0.334611016,0.044169672,0.012937818,0.001766785
10/1/21,0,0.035100719,0.06688497,0.079657103,0.061742658,-0.0257441,-0.012242125,0.056523936,0.009476305,0.085106589,0.10342106,0.050853556,-0.351678967,0.038708888,0.118509189,0.108511344,-0.183636875,0,0.005681549,0.014748264,0.00596067,0.006863695,0,-0.034808795,-0.00233735,-0.016374384,0.002957249,0,0,0,0,0,0.41922867,-1.791759469,0.882909446,0.162836953,-0.046610614,-0.000883002
11/1/21,0,-0.013188815,0.035100719,0.06688497,0.079657103,0.061742658,-0.000390075,-0.079979269,0.056523936,0.009476305,0.085106589,0.10342106,0.254907038,-0.351678967,0.038708888,0.118509189,0.108511344,0,0,0.005681549,0.014748264,0.00596067,0,0,-0.034808795,-0.00233735,-0.016374384,0,0,0,0,0,-0.575443589,0.916290732,-0.384112364,0.087073027,-0.102354237,-0.005561952
12/1/21,0,-0.048550738,-0.013188815,0.035100719,0.06688497,0.079657103,-0.077104403,-0.163740293,-0.079979269,0.056523936,0.009476305,0.085106589,0.430398404,0.254907038,-0.351678967,0.038708888,0.118509189,-0.006763641,0,0,0.005681549,0.014748264,-0.001963368,0,0,-0.034808795,-0.00233735,-0.002809141,0.000447837,-0.006970396,-0.00394098,-0.002895882,-0.145716125,0.693147181,-0.067137289,0.287444194,0.038238577,0.016006677
13/1/21,1,-0.076670656,-0.048550738,-0.013188815,0.035100719,0.06688497,-0.047476112,0.067961618,-0.163740293,-0.079979269,0.056523936,0.009476305,-0.497723781,0.430398404,0.254907038,-0.351678967,0.038708888,0.000211161,-0.006763641,0,0,0.005681549,0.006453094,-0.001963368,0,0,-0.034808795,-0.002228192,-0.000833693,-0.002095022,0.000581402,-0.000355326,-0.271021319,0.587786665,0.385675161,-0.715312475,0.047700584,-0.002079035
14/1/21,1,-0.046132453,-0.076670656,-0.048550738,-0.013188815,0.035100719,0.02781505,-0.003471327,0.067961618,-0.163740293,-0.079979269,0.056523936,-0.075088018,-0.497723781,0.430398404,0.254907038,-0.351678967,0.002689368,0.000211161,-0.006763641,0,0,-0.004316678,0.006453094,-0.001963368,0,0,0.004190297,0.002595985,0.003955158,0.010768836,0.003617416,0.355547244,-0.057158414,-0.380230998,0.464523226,-0.079929263,0.006093125
15/1/21,0,0.095805309,-0.046132453,-0.076670656,-0.048550738,-0.013188815,0.061036246,0.123517353,-0.003471327,0.067961618,-0.163740293,-0.079979269,-0.086507702,-0.075088018,-0.497723781,0.430398404,0.254907038,-0.003508149,0.002689368,0.000211161,-0.006763641,0,-0.000519234,-0.004316678,0.006453094,-0.001963368,0,-0.001128102,-0.000634179,-0.003808029,-0.001557237,-0.000818835,-0.117200838,0.111225635,-0.770339162,-0.528968992,0.093169984,-0.007508931
16/1/21,0,0.04790545,0.095805309,-0.046132453,-0.076670656,-0.048550738,-0.009773153,-0.061784773,0.123517353,-0.003471327,0.067961618,-0.163740293,0.063118381,-0.086507702,-0.075088018,-0.497723781,0.430398404,-0.007319399,-0.003508149,0.002689368,0.000211161,-0.006763641,-0.012485246,-0.000519234,-0.004316678,0.006453094,-0.001963368,-0.001520977,-0.000942803,-0.000923913,0.002514688,8.66E-05,0.019400214,0.191055237,1.051490307,0.998241668,-0.037781585,-0.004511768
17/1/21,0,-0.061485779,0.04790545,0.095805309,-0.046132453,-0.076670656,-0.044255615,0.027713291,-0.061784773,0.123517353,-0.003471327,0.067961618,-0.160618825,0.063118381,-0.086507702,-0.075088018,-0.497723781,0,-0.007319399,-0.003508149,0.002689368,0.000211161,0,-0.012485246,-0.000519234,-0.004316678,0.006453094,0,0,0,0,0,0.895494567,-3.135494216,-0.409639046,-0.640122175,-0.056059524,0.020698134
18/1/21,1,-0.018031517,-0.061485779,0.04790545,0.095805309,-0.046132453,-0.030624886,-0.04489046,0.027713291,-0.061784773,0.123517353,-0.003471327,-0.097224251,-0.160618825,0.063118381,-0.086507702,-0.075088018,0,0,-0.007319399,-0.003508149,0.002689368,0,0,-0.012485246,-0.000519234,-0.004316678,0,0,0,0,0,-1.672366111,1.098612289,-1.93500048,0.358797887,-0.026173235,0.015543114
19/1/21,0,-0.010323365,-0.018031517,-0.061485779,0.04790545,0.095805309,0.015588558,0.023626511,-0.04489046,0.027713291,-0.061784773,0.123517353,-0.055931105,-0.097224251,-0.160618825,0.063118381,-0.086507702,0,0,0,-0.007319399,-0.003508149,0,0,0,-0.012485246,-0.000519234,-0.004414763,-0.001019003,-0.006866108,-0.007945996,-0.000770181,0.858588642,2.036881927,2.039432072,0.056056856,0.057083489,-0.024786779
20/1/21,0,0.023470458,-0.010323365,-0.018031517,-0.061485779,0.04790545,0.012167345,0.033432288,0.023626511,-0.04489046,0.027713291,-0.061784773,0.145117194,-0.055931105,-0.097224251,-0.160618825,0.063118381,0.007821341,0,0,0,-0.007319399,0.008437377,0,0,0,-0.012485246,0.001435734,-0.00180402,0.000760517,0.000434581,0.001974795,-0.077417161,-0.139761942,0.158337508,-0.131817786,0.008061144,-0.008725213
21/1/21,0,-0.016291514,0.023470458,-0.010323365,-0.018031517,-0.061485779,-0.03716829,-0.071809073,0.033432288,0.023626511,-0.04489046,0.027713291,0.154894261,0.145117194,-0.055931105,-0.097224251,-0.160618825,0.013743775,0.007821341,0,0,0,0.016151155,0.008437377,0,0,0,0.003260545,0.002081766,0.005085373,0.004628356,-0.001868918,-0.59786701,0.262364264,-0.229270518,-0.307317573,0.023071987,0.000973236
22/1/21,1,-0.013986771,-0.016291514,0.023470458,-0.010323365,-0.018031517,-0.022957685,-0.104126029,-0.071809073,0.033432288,0.023626511,-0.04489046,0.12380529,0.154894261,0.145117194,-0.055931105,-0.097224251,0.000911275,0.013743775,0.007821341,0,0,-0.000627374,0.016151155,0.008437377,0,0,-0.001440492,0.001931502,-0.001916137,0.001775261,0.003297132,0.391866748,-0.313657559,-0.408955943,0.169721892,0.009458929,-0.01075805
23/1/21,0,-0.142836468,-0.013986771,-0.016291514,0.023470458,-0.010323365,-0.050204153,-0.043834267,-0.104126029,-0.071809073,0.033432288,0.023626511,0.020467857,0.12380529,0.154894261,0.145117194,-0.055931105,-0.003545733,0.000911275,0.013743775,0.007821341,0,-0.007904302,-0.000627374,0.016151155,0.008437377,0,0.004417859,0.000618896,0.004172884,0.004452153,0.000473341,0.096397151,-0.054067221,0.612089507,0.007793176,0.021269172,-0.017857617
24/1/21,1,0.06798912,-0.142836468,-0.013986771,-0.016291514,0.023470458,-0.013424528,0.084083674,-0.043834267,-0.104126029,-0.071809073,0.033432288,-0.467929446,0.020467857,0.12380529,0.154894261,0.145117194,0,-0.003545733,0.000911275,0.013743775,0.007821341,0,-0.007904302,-0.000627374,0.016151155,0.008437377,0,0,0,0,0,-0.862301678,-2.197224577,-0.353353189,-0.05368907,-0.156362646,-0.013098424
25/1/21,1,-0.028330225,0.06798912,-0.142836468,-0.013986771,-0.016291514,-0.012577463,-0.012347619,0.084083674,-0.043834267,-0.104126029,-0.071809073,0.005960778,-0.467929446,0.020467857,0.12380529,0.154894261,0,0,-0.003545733,0.000911275,0.013743775,0,0,-0.007904302,-0.000627374,0.016151155,0,0,0,0,0,1.041440751,0,0.3040828,0.386799,-0.074825517,0.009061562
26/1/21,1,0.006881807,-0.028330225,0.06798912,-0.142836468,-0.013986771,0.054886795,0.031052728,-0.012347619,0.084083674,-0.043834267,-0.104126029,0.208102347,0.005960778,-0.467929446,0.020467857,0.12380529,0.003936106,0,0,-0.003545733,0.000911275,0.000862246,0,0,-0.007904302,-0.000627374,4.18E-05,-0.002997907,0.000259132,-0.003010487,-0.002614872,0.038654747,1.791759469,0.076992794,-0.497092518,0.189282743,0.007467423
27/1/21,0,0.00225277,0.006881807,-0.028330225,0.06798912,-0.142836468,-0.059433815,-0.033512455,0.031052728,-0.012347619,0.084083674,-0.043834267,0.005965215,0.208102347,0.005960778,-0.467929446,0.020467857,-0.001562165,0.003936106,0,0,-0.003545733,-0.002473657,0.000862246,0,0,-0.007904302,-0.003041709,0.000324046,-0.001908767,-0.000673164,0.00016385,-0.062134302,0.693147181,-0.192810166,-0.361920209,-0.053543229,-0.003529449
28/1/21,1,0.006328045,0.00225277,0.006881807,-0.028330225,0.06798912,-0.007054083,-0.055086722,-0.033512455,0.031052728,-0.012347619,0.084083674,0.037801444,0.005965215,0.208102347,0.005960778,-0.467929446,-0.02474412,-0.001562165,0.003936106,0,0,-0.006355778,-0.002473657,0.000862246,0,0,0.001487605,0.00231804,0.001378281,0.004562651,0.001514371,0.257655675,0.15415068,0.003187709,0.311680359,0.085050208,0.013610443
29/1/21,1,-0.067416552,0.006328045,0.00225277,0.006881807,-0.028330225,-0.020875014,0.022094333,-0.055086722,-0.033512455,0.031052728,-0.012347619,0.232397469,0.037801444,0.005965215,0.208102347,0.005960778,0.008563467,-0.02474412,-0.001562165,0.003936106,0,0.000926932,-0.006355778,-0.002473657,0.000862246,0,-0.002478101,-0.00284268,-0.004773378,-0.005262779,-0.005198716,0.101860723,-0.934309237,0.176111695,0.689629696,-0.015995306,0.002455208
30/1/21,0,0.119897844,-0.067416552,0.006328045,0.00225277,0.006881807,0.185887242,0.065788656,0.022094333,-0.055086722,-0.033512455,0.031052728,0.40189316,0.232397469,0.037801444,0.005965215,0.208102347,-0.020222672,0.008563467,-0.02474412,-0.001562165,0.003936106,-0.000405411,0.000926932,-0.006355778,-0.002473657,0.000862246,0.000327485,0.005212532,0.001235441,0.004058471,-0.001420165,-0.356082517,0.693147181,0.041290849,-0.270409514,0.000566953,0.017113101
31/1/21,0,-0.000662783,0.119897844,-0.067416552,0.006328045,0.00225277,-0.097606294,0.026934111,0.065788656,0.022094333,-0.055086722,-0.033512455,-0.59411775,0.40189316,0.232397469,0.037801444,0.005965215,0,-0.020222672,0.008563467,-0.02474412,-0.001562165,0,-0.000405411,0.000926932,-0.006355778,-0.002473657,0,0,0,0,0,0.187623166,-1.704748092,-0.043595982,-0.525150799,0.023243482,0.011165451
1/2/21,1,-0.000730811,-0.000662783,0.119897844,-0.067416552,0.006328045,-0.015809096,-0.020549964,0.026934111,0.065788656,0.022094333,-0.055086722,-0.210916989,-0.59411775,0.40189316,0.232397469,0.037801444,0,0,-0.020222672,0.008563467,-0.02474412,0,0,-0.000405411,0.000926932,-0.006355778,0,0,0,0,0,0.150152949,-0.693147181,-0.443917802,0.657477042,-0.128690194,-0.017923673
2/2/21,1,-0.03432237,-0.000730811,-0.000662783,0.119897844,-0.067416552,0.010152425,0.003528077,-0.020549964,0.026934111,0.065788656,0.022094333,0.151766475,-0.210916989,-0.59411775,0.40189316,0.232397469,0.016508486,0,0,-0.020222672,0.008563467,0.009341523,0,0,-0.000405411,0.000926932,-0.003091055,0.003355258,0.000315185,-0.001992365,-0.00378028,-0.106843692,2.302585093,0.528750561,-0.322819938,0.147714453,0.004914015
3/2/21,1,0.012562357,-0.03432237,-0.000730811,-0.000662783,0.119897844,0.035692914,0.033552028,0.003528077,-0.020549964,0.026934111,0.065788656,0.027123496,0.151766475,-0.210916989,-0.59411775,0.40189316,0.014041191,0.016508486,0,0,-0.020222672,-0.01224243,0.009341523,0,0,-0.000405411,-0.005727654,-0.006312911,-0.00456033,-0.001382449,-0.001860954,-0.302538246,-0.051293294,-0.431566628,0.163732756,0.024410675,-0.019802627
4/2/21,0,0.057301478,0.012562357,-0.03432237,-0.000730811,-0.000662783,0.043161998,0.056729987,0.033552028,0.003528077,-0.020549964,0.026934111,-0.030935001,0.027123496,0.151766475,-0.210916989,-0.59411775,0.000785933,0.014041191,0.016508486,0,0,-0.001511772,-0.01224243,0.009341523,0,0,-0.001137088,0.001717818,-0.002458978,-0.001421541,-0.001400722,0.242207686,0.146603474,0.458448754,-2.021206157,-0.043544872,-0.009040745
5/2/21,1,0.053839411,0.057301478,0.012562357,-0.03432237,-0.000730811,0.029237096,0.024346173,0.056729987,0.033552028,0.003528077,-0.020549964,0.118152143,-0.030935001,0.027123496,0.151766475,-0.210916989,0.011301627,0.000785933,0.014041191,0.016508486,0,-0.021765637,-0.001511772,-0.01224243,0.009341523,0,-0.000935533,-0.000433602,0.000276918,-0.000751006,0.000314299,0.05571996,-0.257829109,0.027078562,-0.077305126,0.001091804,0.008040244
6/2/21,1,-0.014610744,0.053839411,0.057301478,0.012562357,-0.03432237,-0.009536096,0.009352746,0.024346173,0.056729987,0.033552028,0.003528077,-0.161055299,0.118152143,-0.030935001,0.027123496,0.151766475,0.00392818,0.011301627,0.000785933,0.014041191,0.016508486,0.009823749,-0.021765637,-0.001511772,-0.01224243,0.009341523,-0.006314027,-0.00177883,-0.006302407,0.001981061,-0.0054804,0.017906517,0.057158414,-0.474054935,2.37890808,-0.074625904,0.014903406
7/2/21,0,0.032155186,-0.014610744,0.053839411,0.057301478,0.012562357,0.066308826,0.039568836,0.009352746,0.024346173,0.056729987,0.033552028,0.19655969,-0.161055299,0.118152143,-0.030935001,0.027123496,0,0.00392818,0.011301627,0.000785933,0.014041191,0,0.009823749,-0.021765637,-0.001511772,-0.01224243,0,0,0,0,0,0.342680532,-2.197224577,0.644002918,-0.368696915,-0.015811551,0.016626299
8/2/21,1,0.028735021,0.032155186,-0.014610744,0.053839411,0.057301478,-0.030441907,-0.018317337,0.039568836,0.009352746,0.024346173,0.056729987,-0.085201458,0.19655969,-0.161055299,0.118152143,-0.030935001,0,0,0.00392818,0.011301627,0.000785933,0,0,0.009823749,-0.021765637,-0.001511772,0,0,0,0,0,0.310741989,0,-0.153580098,0.022787622,-0.134487693,0.026118537
9/2/21,1,-0.009300736,0.028735021,0.032155186,-0.014610744,0.053839411,0.153684474,0.016688714,-0.018317337,0.039568836,0.009352746,0.024346173,0.433060586,-0.085201458,0.19655969,-0.161055299,0.118152143,0.007195949,0,0,0.00392818,0.011301627,0.010019752,0,0,0.009823749,-0.021765637,0.005601836,0.000772995,0.006832464,0.004564553,0.001630496,-2.136782685,1.386294361,-0.33995341,0.154475193,0.119791925,0.015541995
10/2/21,0,0.171999316,-0.009300736,0.028735021,0.032155186,-0.014610744,0.038213711,0.170773189,0.016688714,-0.018317337,0.039568836,0.009352746,-0.09540096,0.433060586,-0.085201458,0.19655969,-0.161055299,-0.000666028,0.007195949,0,0,0.00392818,0.003259592,0.010019752,0,0,0.009823749,0.000423862,0.002741246,0.000400127,0.000508423,0.001804295,1.590763497,1.098612289,0.181974799,0.011506328,0.196440237,0.04257683
11/2/21,1,0.006146915,0.171999316,-0.009300736,0.028735021,0.032155186,-0.01803859,-0.028880971,0.170773189,0.016688714,-0.018317337,0.039568836,-0.050356609,-0.09540096,0.433060586,-0.085201458,0.19655969,-0.000435762,-0.000666028,0.007195949,0,0,0.003654431,0.003259592,0.010019752,0,0,0.006922483,0.002142559,0.00549338,0.005245381,0.006053938,-0.008553219,-0.087011377,-0.016173346,-0.123618176,-0.055311966,-0.004293262
12/2/21,0,-0.034392731,0.006146915,0.171999316,-0.009300736,0.028735021,0.027570319,0.00696297,-0.028880971,0.170773189,0.016688714,-0.018317337,-0.070123902,-0.050356609,-0.09540096,0.433060586,-0.085201458,0.001613794,-0.000435762,-0.000666028,0.007195949,0,-0.008723014,0.003654431,0.003259592,0.010019752,0,0.002416638,-0.003568287,0.000100615,0.001056262,-0.000382504,-0.179237083,-0.09531018,-0.0207228,-0.004875308,-0.00868465,-0.00251483
13/2/21,0,0.064226872,-0.034392731,0.006146915,0.171999316,-0.009300736,0.005807401,0.049389736,0.00696297,-0.028880971,0.170773189,0.016688714,-0.06122907,-0.070123902,-0.050356609,-0.09540096,0.433060586,0.004927581,0.001613794,-0.000435762,-0.000666028,0.007195949,-0.003041853,-0.008723014,0.003654431,0.003259592,0.010019752,0.000141455,4.64E-05,0.000848871,-0.001617095,-0.001203692,0.241411715,-0.105360516,0.005644326,0.231005224,0.023151852,-0.024733997
14/2/21,1,-0.00809146,0.064226872,-0.034392731,0.006146915,0.171999316,-0.014422467,-0.000704509,0.049389736,0.00696297,-0.028880971,0.170773189,-0.085943173,-0.06122907,-0.070123902,-0.050356609,-0.09540096,0,0.004927581,0.001613794,-0.000435762,-0.000666028,0,-0.003041853,-0.008723014,0.003654431,0.003259592,0,0,0,0,0,-0.248919871,-1.280933845,-0.044219861,-0.127002171,-0.120074345,-0.021234807
15/2/21,0,-0.007963522,-0.00809146,0.064226872,-0.034392731,0.006146915,0.029527727,0.015447882,-0.000704509,0.049389736,0.00696297,-0.028880971,0.014109424,-0.085943173,-0.06122907,-0.070123902,-0.050356609,0,0,0.004927581,0.001613794,-0.000435762,0,0,-0.003041853,-0.008723014,0.003654431,0,0,0,0,0,-0.093224551,0,0.228180868,-0.115207661,-0.068721609,-0.001577736
16/2/21,1,0.033026906,-0.007963522,-0.00809146,0.064226872,-0.034392731,-0.012445267,-0.016414128,0.015447882,-0.000704509,0.049389736,0.00696297,0.078536618,0.014109424,-0.085943173,-0.06122907,-0.070123902,0,0,0,0.004927581,0.001613794,0,0,0,-0.003041853,-0.008723014,-0.001839526,-4.64E-05,-0.000776195,0.004429069,-0.0030315,-0.370071864,1.335001067,-0.092135191,-0.014184415,0.020429874,-0.006806054
17/2/21,1,-0.015564685,0.033026906,-0.007963522,-0.00809146,0.064226872,0.029544185,0.018254687,-0.016414128,0.015447882,-0.000704509,0.049389736,-0.000263695,0.078536618,0.014109424,-0.085943173,-0.06122907,-0.000866328,0,0,0,0.004927581,-0.014457496,0,0,0,-0.003041853,0.002160989,0,0.000833089,0.003112037,-0.003117226,0.271038828,0,-0.264091597,0.186228681,0.18144982,-0.010789708
18/2/21,0,0.02599833,-0.015564685,0.033026906,-0.007963522,-0.00809146,0.042637071,0.038874795,0.018254687,-0.016414128,0.015447882,-0.000704509,0.04778206,-0.000263695,0.078536618,0.014109424,-0.085943173,0.00022943,-0.000866328,0,0,0,-0.011417786,-0.014457496,0,0,0,-0.003795715,1.55E-05,-0.003278758,-0.001918384,-0.006770906,-0.006367144,0.191055237,0.342266679,-0.06108144,-0.06213203,-0.021935076
19/2/21,1,0.057909537,0.02599833,-0.015564685,0.033026906,-0.007963522,-0.001139124,0.038838386,0.038874795,0.018254687,-0.016414128,0.015447882,-0.439935666,0.04778206,-0.000263695,0.078536618,0.014109424,-0.004265059,0.00022943,-0.000866328,0,0,-6.01E-05,-0.011417786,-0.014457496,0,0,-0.005818236,-7.75E-05,-0.003684948,-0.001568155,0.002283274,-0.05940553,-0.191055237,-0.24101252,0.139353465,0.005022586,-0.005053068
20/2/21,1,-0.008957984,0.057909537,0.02599833,-0.015564685,0.033026906,0.067059321,-0.001539695,0.038838386,0.038874795,0.018254687,-0.016414128,0.198673447,-0.439935666,0.04778206,-0.000263695,0.078536618,-0.001767601,-0.004265059,0.00022943,-0.000866328,0,0.00413997,-6.01E-05,-0.011417786,-0.014457496,0,0.002920451,-0.004573272,0.003636544,0.007264593,0.00197627,-0.27326419,-0.054067221,0.321532074,-0.060266364,-0.035607861,0.008072697
21/2/21,1,0.078344727,-0.008957984,0.057909537,0.02599833,-0.015564685,0.0244967,0.069925166,-0.001539695,0.038838386,0.038874795,0.018254687,0.07067555,0.198673447,-0.439935666,0.04778206,-0.000263695,0,-0.001767601,-0.004265059,0.00022943,-0.000866328,0,0.00413997,-6.01E-05,-0.011417786,-0.014457496,0,0,0,0,0,0.233337137,-1.791759469,-0.182324371,-0.053133069,-0.016963907,0.011142408
22/2/21,0,0.003237536,0.078344727,-0.008957984,0.057909537,0.02599833,0.014250478,0.018968088,0.069925166,-0.001539695,0.038838386,0.038874795,-0.272372278,0.07067555,0.198673447,-0.439935666,0.04778206,0,0,-0.001767601,-0.004265059,0.00022943,0,0,0.00413997,-6.01E-05,-0.011417786,0,0,0,0,0,-0.171639674,0.510825624,0.281623165,0.085965248,-0.130461472,-0.009011771
23/2/21,0,0.025778805,0.003237536,0.078344727,-0.008957984,0.057909537,-0.013760832,-0.128330104,0.018968088,0.069925166,-0.001539695,0.038838386,0.57308594,-0.272372278,0.07067555,0.198673447,-0.439935666,-0.007721444,0,0,-0.001767601,-0.004265059,0.014858232,0,0,0.00413997,-6.01E-05,-0.000981871,0.000215832,0.002845676,0.004549772,0.001307012,0.659597354,1.435084525,-0.653842755,0.02999434,0.107746833,-0.006130376
24/2/21,1,-0.059582289,0.025778805,0.003237536,0.078344727,-0.008957984,-0.059593628,-0.078058888,-0.128330104,0.018968088,0.069925166,-0.001539695,0.141080893,0.57308594,-0.272372278,0.07067555,0.198673447,0.001213665,-0.007721444,0,0,-0.001767601,-0.002303397,0.014858232,0,0,0.00413997,0.001115883,0.003506063,0.003329382,0.002852383,0.005035722,-0.166226296,0,-0.244932779,-0.06097528,0.054887525,-0.016483971
25/2/21,0,-0.104322829,-0.059582289,0.025778805,0.003237536,0.078344727,-0.055273391,0.041580588,-0.078058888,-0.128330104,0.018968088,0.069925166,-0.509324842,0.141080893,0.57308594,-0.272372278,0.07067555,0.010959038,0.001213665,-0.007721444,0,0,-0.000709778,-0.002303397,0.014858232,0,0,-0.010451063,1.55E-05,-0.001204988,0.003481707,-0.002843962,0.175243452,0.251314428,0.292232499,-0.505734143,-0.006484801,0.007884829
26/2/21,0,0.017738625,-0.104322829,-0.059582289,0.025778805,0.003237536,0.0127634,-0.002537416,0.041580588,-0.078058888,-0.128330104,0.018968088,-0.155793082,-0.509324842,0.141080893,0.57308594,-0.272372278,-0.024390816,0.010959038,0.001213665,-0.007721444,0,-0.018995808,-0.000709778,-0.002303397,0.014858232,0,-0.001655852,0.001083723,0.001580962,0.001978797,-0.006258721,-0.192993637,-0.897941593,0.350117555,0.298159531,-0.074488595,0.023287315
27/2/21,0,-0.052207727,0.017738625,-0.104322829,-0.059582289,0.025778805,-0.071365847,-0.057668526,-0.002537416,0.041580588,-0.078058888,-0.128330104,1.862465053,-0.155793082,-0.509324842,0.141080893,0.57308594,-0.00516592,-0.024390816,0.010959038,0.001213665,-0.007721444,-0.024480114,-0.018995808,-0.000709778,-0.002303397,0.014858232,0.001136737,0.000340786,-0.000900202,-0.009953204,-0.004097504,0.16510714,0.435318071,0.348423598,0.191453985,0.053072584,0.020772015
28/2/21,0,-0.017871404,-0.052207727,0.017738625,-0.104322829,-0.059582289,-0.002432431,0.018149149,-0.057668526,-0.002537416,0.041580588,-0.078058888,-2.034082652,1.862465053,-0.155793082,-0.509324842,0.141080893,0,-0.00516592,-0.024390816,0.010959038,0.001213665,0,-0.024480114,-0.018995808,-0.000709778,-0.002303397,0,0,0,0,0,-0.913203194,-1.446918983,-0.43805635,-0.812403018,-0.075947529,-0.012021476
1/3/21,1,-0.003258265,-0.017871404,-0.052207727,0.017738625,-0.104322829,-0.032367671,-0.045819683,0.018149149,-0.057668526,-0.002537416,0.041580588,0.151928699,-2.034082652,1.862465053,-0.155793082,-0.509324842,0,0,-0.00516592,-0.024390816,0.010959038,0,0,-0.024480114,-0.018995808,-0.000709778,0,0,0,0,0,1.23915119,0.223143551,0.12983589,0.322993999,-0.051141929,0.01092907
2/3/21,0,-0.022649504,-0.003258265,-0.017871404,-0.052207727,0.017738625,0.063598045,0.042413471,-0.045819683,0.018149149,-0.057668526,-0.002537416,0.008336786,0.151928699,-2.034082652,1.862465053,-0.155793082,0.02395109,0,0,-0.00516592,-0.024390816,-0.001731916,0,0,-0.024480114,-0.018995808,-0.002018802,-0.003727341,-0.005844177,-0.00254628,-0.001164996,-0.16779831,1.16315081,0.043425379,0.469899927,0.105605532,-0.009930568
3/3/21,1,0.094034112,-0.022649504,-0.003258265,-0.017871404,-0.052207727,0.006876032,0.045787939,0.042413471,-0.045819683,0.018149149,-0.057668526,-0.125589079,0.008336786,0.151928699,-2.034082652,1.862465053,-0.007833839,0.02395109,0,0,-0.00516592,0.005433148,-0.001731916,0,0,-0.024480114,-0.008231379,0.002271815,-0.003186666,-0.003083067,-0.003262177,-0.441664024,0.060624622,0.072252247,-0.401885483,0.091659157,-0.002998503
4/3/21,0,-0.02440832,0.094034112,-0.022649504,-0.003258265,-0.017871404,0.046912223,0.021894946,0.045787939,0.042413471,-0.045819683,0.018149149,0.113069544,-0.125589079,0.008336786,0.151928699,-2.034082652,-0.013334268,-0.007833839,0.02395109,0,0,-0.011082729,0.005433148,-0.001731916,0,0,-0.000109398,-0.000974253,0.002848098,0.001826413,0.00087067,0.016443958,0.162518929,-0.532780697,0.003374762,-0.075176505,0.015889113
5/3/21,1,0.04258837,-0.02440832,0.094034112,-0.022649504,-0.003258265,-0.015345945,-0.0128717,0.021894946,0.045787939,0.042413471,-0.045819683,-0.016615707,0.113069544,-0.125589079,0.008336786,0.151928699,-0.012452011,-0.013334268,-0.007833839,0.02395109,0,-0.009885595,-0.011082729,0.005433148,-0.001731916,0,-0.005123446,0.000417435,-0.002884204,-0.002007518,-0.002806118,0.011124041,0.09531018,0.414262612,0.088890737,0.031108987,-0.006920443
6/3/21,0,-0.040293928,0.04258837,-0.02440832,0.094034112,-0.022649504,-0.046258123,-0.023661839,-0.0128717,0.021894946,0.045787939,0.042413471,-0.073676911,-0.016615707,0.113069544,-0.125589079,0.008336786,0.018229438,-0.012452011,-0.013334268,-0.007833839,0.02395109,0.000628613,-0.009885595,-0.011082729,0.005433148,-0.001731916,-0.010362544,-0.000340121,-0.006905198,-0.002364811,-0.008343698,0.088277157,-0.257829109,-0.042893592,0.336420411,-0.059164422,-0.028170877
7/3/21,1,0.007640672,-0.040293928,0.04258837,-0.02440832,0.094034112,-0.00505789,0.015245741,-0.023661839,-0.0128717,0.021894946,0.045787939,-0.347160069,-0.073676911,-0.016615707,0.113069544,-0.125589079,0,0.018229438,-0.012452011,-0.013334268,-0.007833839,0,0.000628613,-0.009885595,-0.011082729,0.005433148,0,0,0,0,0,0.107990258,-1.734601055,-0.144833627,-0.403194583,-0.118461535,0.010152372
8/3/21,1,0.000397662,0.007640672,-0.040293928,0.04258837,-0.02440832,0.044513728,0.034547371,0.015245741,-0.023661839,-0.0128717,0.021894946,0.227394911,-0.347160069,-0.073676911,-0.016615707,0.113069544,0,0,0.018229438,-0.012452011,-0.013334268,0,0,0.000628613,-0.009885595,-0.011082729,0,0,0,0,0,0.542306384,-1.098612289,0.121370635,0.18007914,-0.059038193,-0.006843922
9/3/21,1,0.045074559,0.000397662,0.007640672,-0.040293928,0.04258837,0.01793138,0.011935658,0.034547371,0.015245741,-0.023661839,-0.0128717,0.119178862,0.227394911,-0.347160069,-0.073676911,-0.016615707,-0.004991226,0,0,0.018229438,-0.012452011,-0.010422315,0,0,0.000628613,-0.009885595,-0.000989522,-0.00411888,-0.00352429,-0.002913496,-0.004288844,-0.574569241,2.944438979,0.108409132,0.058803335,0.053261278,0.013281454
10/3/21,1,0.021245507,0.045074559,0.000397662,0.007640672,-0.040293928,0.046864826,0.048799294,0.011935658,0.034547371,0.015245741,-0.023661839,0.04653251,0.119178862,0.227394911,-0.347160069,-0.073676911,0.01417655,-0.004991226,0,0,0.018229438,0.02104806,-0.010422315,0,0,0.000628613,-0.006002186,-0.004439205,-0.006217745,-0.002172683,-0.004784792,-0.2244459,0.100083459,0.11557302,0.03579767,0.127904926,0.022852033
11/3/21,1,0.047648881,0.021245507,0.045074559,0.000397662,0.007640672,0.043441613,0.024871136,0.048799294,0.011935658,0.034547371,0.015245741,0.118120323,0.04653251,0.119178862,0.227394911,-0.347160069,0.006205357,0.01417655,-0.004991226,0,0,0.005085328,0.02104806,-0.010422315,0,0,0.00821927,0.002916259,0.003890155,0.004822228,0.003328532,-0.126294447,0.174353387,-0.170925685,0.081566559,0.077613864,-0.004697721
12/3/21,0,0.020565701,0.047648881,0.021245507,0.045074559,0.000397662,0.014440017,0.022152569,0.024871136,0.048799294,0.011935658,0.034547371,-0.009174143,0.118120323,0.04653251,0.119178862,0.227394911,0.010088064,0.006205357,0.01417655,-0.004991226,0,-0.000866387,0.005085328,0.02104806,-0.010422315,0,-0.00167942,0.000107597,0.002363375,0.002949096,0.001336341,0.481251693,-0.083381609,-0.109839298,-0.258875487,-0.047330439,-0.004833068
13/3/21,1,0.032661846,0.020565701,0.047648881,0.021245507,0.045074559,-0.001627071,0.016240018,0.022152569,0.024871136,0.048799294,0.011935658,-0.019249694,-0.009174143,0.118120323,0.04653251,0.119178862,0.001345851,0.010088064,0.006205357,0.01417655,-0.004991226,-0.000185745,-0.000866387,0.005085328,0.02104806,-0.010422315,0.005435874,0.001831091,0.005021505,0.004188263,-0.001133757,-0.408115679,-0.044451763,-0.360869778,-0.190261985,-0.031354912,0.002298744
14/3/21,0,-0.008298565,0.032661846,0.020565701,0.047648881,0.021245507,0.06163761,0.015078507,0.016240018,0.022152569,0.024871136,0.048799294,0.085646932,-0.019249694,-0.009174143,0.118120323,0.04653251,0,0.001345851,0.010088064,0.006205357,0.01417655,0,-0.000185745,-0.000866387,0.005085328,0.02104806,0,0,0,0,0,1.722282923,-3.091042453,-0.036498707,-0.304325344,-0.098575233,-0.00089433
15/3/21,0,0.065435187,-0.008298565,0.032661846,0.020565701,0.047648881,-0.001394291,0.053411864,0.015078507,0.016240018,0.022152569,0.024871136,-0.3235043,0.085646932,-0.019249694,-0.009174143,0.118120323,0,0,0.001345851,0.010088064,0.006205357,0,0,-0.000185745,-0.000866387,0.005085328,0,0,0,0,0,-1.180229911,0.693147181,-0.720336886,-0.076354014,0.012583532,-0.009003739
16/3/21,1,-0.032432529,0.065435187,-0.008298565,0.032661846,0.020565701,-0.017307378,-0.068192174,0.053411864,0.015078507,0.016240018,0.022152569,0.414046492,-0.3235043,0.085646932,-0.019249694,-0.009174143,0.005945893,0,0,0.001345851,0.010088064,0.004386867,0,0,-0.000185745,-0.000866387,-0.004967842,-0.000846662,-0.003015982,-0.004327492,-0.005163701,-1.297682138,2.397895273,0.929647721,0.507122956,0.00631601,0.010779135
17/3/21,1,-0.059555389,-0.032432529,0.065435187,-0.008298565,0.032661846,-0.063200388,-0.03374652,-0.068192174,0.053411864,0.015078507,0.016240018,-0.105822909,0.414046492,-0.3235043,0.085646932,-0.019249694,-0.001262154,0.005945893,0,0,0.001345851,0.000924414,0.004386867,0,0,-0.000185745,0.001793311,-6.16E-05,-0.002029413,-0.002184598,-0.000155831,0.39172533,-0.451985124,0.286366178,-0.215416785,0.082456747,-0.006845993
18/3/21,0,0.017486424,-0.059555389,-0.032432529,0.065435187,-0.008298565,0.036905422,0.018016191,-0.03374652,-0.068192174,0.053411864,0.015078507,0.008474721,-0.105822909,0.414046492,-0.3235043,0.085646932,0.003404113,-0.001262154,0.005945893,0,0,0.007119581,0.000924414,0.004386867,0,0,0.003023176,-0.000938153,-0.002025227,0.000222456,0.000962535,0.706084189,0.356674944,-0.432621878,0.278118632,0.015317456,0.008793412
19/3/21,1,0.035732622,0.017486424,-0.059555389,-0.032432529,0.065435187,0.019254461,-0.005056918,0.018016191,-0.03374652,-0.068192174,0.053411864,-0.077834147,0.008474721,-0.105822909,0.414046492,-0.3235043,-0.01465657,0.003404113,-0.001262154,0.005945893,0,-0.005826967,0.007119581,0.000924414,0.004386867,0,0.002771897,0.000368954,0.006794991,0.005282788,0.001266551,0.065935275,0.139761942,0.372902718,-0.131317289,0.002298175,-0.012726555
20/3/21,0,-0.017862481,0.035732622,0.017486424,-0.059555389,-0.032432529,-0.010331186,0.043111881,-0.005056918,0.018016191,-0.03374652,-0.068192174,-0.127683398,-0.077834147,0.008474721,-0.105822909,0.414046492,-0.001851999,-0.01465657,0.003404113,-0.001262154,0.005945893,0.004174395,-0.005826967,0.007119581,0.000924414,0.004386867,-0.00549313,-0.000338225,-0.005401606,-0.003641024,-0.000367248,-0.408115651,-0.044451763,-0.453220803,0.202506991,-0.021305292,0.019512814
21/3/21,0,0.008294231,-0.017862481,0.035732622,0.017486424,-0.059555389,0.008916844,0.02733297,0.043111881,-0.005056918,0.018016191,-0.03374652,0.02610859,-0.127683398,-0.077834147,0.008474721,-0.105822909,0,-0.001851999,-0.01465657,0.003404113,-0.001262154,0,0.004174395,-0.005826967,0.007119581,0.000924414,0,0,0,0,0,1.722282906,-3.091042453,0.293944498,0.175148225,-0.136750986,-0.001425856
22/3/21,0,-0.000383183,0.008294231,-0.017862481,0.035732622,0.017486424,-0.021270085,-0.038661805,0.02733297,0.043111881,-0.005056918,0.018016191,0.030923359,0.02610859,-0.127683398,-0.077834147,0.008474721,0,0,-0.001851999,-0.01465657,0.003404113,0,0,0.004174395,-0.005826967,0.007119581,0,0,0,0,0,-1.037459625,1.098612289,-0.195106304,0.008937457,-0.212891283,0.013451222
23/3/21,1,-0.013676091,-0.000383183,0.008294231,-0.017862481,0.035732622,-0.005056639,-0.031145906,-0.038661805,0.02733297,0.043111881,-0.005056918,0.084465356,0.030923359,0.02610859,-0.127683398,-0.077834147,0.007953257,0,0,-0.001851999,-0.01465657,-0.001471343,0,0,0.004174395,-0.005826967,-0.002928868,0.000892028,-0.002951416,-0.006661794,0.00055093,-1.440452436,1.992430165,0.356016959,-0.041724338,0.268374692,0.001940805
24/3/21,0,-0.053681414,-0.013676091,-0.000383183,0.008294231,-0.017862481,-0.04344744,-0.015172334,-0.031145906,-0.038661805,0.02733297,0.043111881,-0.001530343,0.084465356,0.030923359,0.02610859,-0.127683398,-0.007901936,0.007953257,0,0,-0.001851999,-0.007327408,-0.001471343,0,0,0.004174395,0.007381647,-0.001122552,0.004191626,0.002160265,0.000872982,0.391725366,-0.451985124,-0.357181909,0.021790293,-0.009098255,0.005641431
25/3/21,0,0.003640806,-0.053681414,-0.013676091,-0.000383183,0.008294231,0.022552231,-0.018047629,-0.015172334,-0.031145906,-0.038661805,0.02733297,0.223475827,-0.001530343,0.084465356,0.030923359,0.02610859,-0.005096433,-0.007901936,0.007953257,0,0,0.003454859,-0.007327408,-0.001471343,0,0,-0.012187168,-0.001320968,-0.007809316,-0.0095746,0.002356247,0.706084169,0.356674944,0.046225964,0.117512915,0.028002561,0.014234885
26/3/21,1,-0.03693259,0.003640806,-0.053681414,-0.013676091,-0.000383183,-0.069975748,-0.0320768,-0.018047629,-0.015172334,-0.031145906,-0.038661805,-0.037060832,0.223475827,-0.001530343,0.084465356,0.030923359,0.005609812,-0.005096433,-0.007901936,0.007953257,0,-0.003640271,0.003454859,-0.007327408,-0.001471343,0,-0.00157169,4.61E-05,-0.002294449,-0.003029874,-0.002484829,-0.017052964,-0.223143551,-0.239315393,-0.199557681,0.030128389,0.017551697
27/3/21,1,-0.019993709,-0.03693259,0.003640806,-0.053681414,-0.013676091,0.0321585,0.014121875,-0.0320768,-0.018047629,-0.015172334,-0.031145906,-0.182574167,-0.037060832,0.223475827,-0.001530343,0.084465356,0.015986489,0.005609812,-0.005096433,-0.007901936,0.007953257,0.002839374,-0.003640271,0.003454859,-0.007327408,-0.001471343,-0.003753625,-0.004625048,-0.003090186,0.004390047,-0.003569344,-0.266281595,-0.133531393,0.630827672,0.233650932,0.042732954,0.004574848
28/3/21,0,0.064702136,-0.019993709,-0.03693259,0.003640806,-0.053681414,0.025620587,0.050341097,0.014121875,-0.0320768,-0.018047629,-0.015172334,-0.181128093,-0.182574167,-0.037060832,0.223475827,-0.001530343,0,0.015986489,0.005609812,-0.005096433,-0.007901936,0,0.002839374,-0.003640271,0.003454859,-0.007327408,0,0,0,0,0,1.663437085,-2.63905733,-1.026719146,-0.810803705,-0.174642291,-0.009066712
29/3/21,1,0.015072846,0.064702136,-0.019993709,-0.03693259,0.003640806,0.000743916,0.015153023,0.050341097,0.014121875,-0.0320768,-0.018047629,0.008847343,-0.181128093,-0.182574167,-0.037060832,0.223475827,0,0,0.015986489,0.005609812,-0.005096433,0,0,0.002839374,-0.003640271,0.003454859,0,0,0,0,0,-2.858168397,0,0.589084165,-1.657930395,-0.14799409,0.004688241
30/3/21,1,-0.000483243,0.015072846,0.064702136,-0.019993709,-0.03693259,0.030132751,0.001238114,0.015153023,0.050341097,0.014121875,-0.0320768,0.189316652,0.008847343,-0.181128093,-0.182574167,-0.037060832,-0.000505234,0,0,0.015986489,0.005609812,-0.011967329,0,0,0.002839374,-0.003640271,-4.27E-05,0.000657104,0.000966135,0.003043246,-0.005589837,1.345259812,2.833213344,-0.11705349,1.59259628,0.250497974,0.00280243
31/3/21,1,0.031704776,-0.000483243,0.015072846,0.064702136,-0.019993709,0.018764985,0.037591297,0.001238114,0.015153023,0.050341097,0.014121875,-0.057343075,0.189316652,0.008847343,-0.181128093,-0.182574167,-0.002656484,-0.000505234,0,0,0.015986489,-0.017239575,-0.011967329,0,0,0.002839374,0.000692052,-0.00430221,-0.00144302,-0.00115784,-0.000409824,-0.657982178,-0.125163143,0.481365773,0.100485336,0.090655773,0