Open_BTC-USD_lag_1,Open_BTC-USD_lag_2,Open_BTC-USD_lag_3,Open_BTC-USD_lag_4,Open_BTC-USD_lag_5,High_BTC-USD_lag_1,Low_BTC-USD_lag_1,Low_BTC-USD_lag_2,Low_BTC-USD_lag_3,Low_BTC-USD_lag_4,Low_BTC-USD_lag_5,Volume_BTC-USD_lag_1,Volume_BTC-USD_lag_2,Volume_BTC-USD_lag_3,Volume_BTC-USD_lag_4,Volume_BTC-USD_lag_5,Adj_Close_SPY_lag_1,Adj_Close_SPY_lag_2,Adj_Close_SPY_lag_3,Adj_Close_SPY_lag_4,Adj_Close_SPY_lag_5,Adj_Close_GLD_lag_1,Adj_Close_GLD_lag_2,Adj_Close_GLD_lag_3,Adj_Close_GLD_lag_4,Adj_Close_GLD_lag_5,Adj_Close_CHFUSD=X_lag_1,Adj_Close_CNYUSD=X_lag_1,Adj_Close_EURUSD=X_lag_1,Adj_Close_GBPUSD=X_lag_1,Adj_Close_JPYUSD=X_lag_1,blockchain_transactions_per_block_lag_1,blockchain_hash_rates_lag_1,Adj_Close_BTC-USD
0.014195743318775331,0.06795951242056388,0.0928564734241661,0.008891570686085416,0.005335983617347678,0.03581000190405164,0.018868355715180626,0.053417092830882314,0.0956176359959999,0.011385484882210301,0.0035247253401752784,-0.04819541941248724,-0.5694680509056242,0.4745557837479983,0.507207699758959,0.17387572802431162,0.0,-0.004000926520078268,0.0055764179958351185,0.0015681604370889968,0.013428836161788775,0.0,-0.001698868369919323,0.010465410061532822,0.005503921188002703,0.013893989455151454,0.0,0.0,0.0,0.0,0.0,-0.09544627333140344,0.015374507636221777,0
0.03102306988731548,0.014195743318775331,0.06795951242056388,0.0928564734241661,0.008891570686085416,0.005126975437689822,0.013974952156275982,0.018868355715180626,0.053417092830882314,0.0956176359959999,0.011385484882210301,-0.01685624080482088,-0.04819541941248724,-0.5694680509056242,0.4745557837479983,0.507207699758959,0.0,0.0,-0.004000926520078268,0.0055764179958351185,0.0015681604370889968,0.0,0.0,-0.001698868369919323,0.010465410061532822,0.005503921188002703,0.0,0.0,0.0,0.0,0.0,-0.1519171719092018,0.022100695698167052,0
-0.016364601467471627,0.03102306988731548,0.014195743318775331,0.06795951242056388,0.0928564734241661,-0.00620175380377462,-0.04363559109830454,0.013974952156275982,0.018868355715180626,0.053417092830882314,0.0956176359959999,0.19195590684884778,-0.01685624080482088,-0.04819541941248724,-0.5694680509056242,0.4745557837479983,-0.0035819360949199152,0.0,0.0,-0.004000926520078268,0.0055764179958351185,-0.0031789166665832,0.0,0.0,-0.001698868369919323,0.010465410061532822,-0.0008586575264911314,-0.0005968462397827733,0.0,-0.01247429387901204,-0.0031561429397201136,0.06037236444148199,-0.008724988571410025,1
-0.02941375500443347,-0.016364601467471627,0.03102306988731548,0.014195743318775331,0.06795951242056388,-0.011288760652679395,0.012166036862752333,-0.04363559109830454,0.013974952156275982,0.018868355715180626,0.053417092830882314,-0.03735160105912597,0.19195590684884778,-0.01685624080482088,-0.04819541941248724,-0.5694680509056242,-0.0016868592379326018,-0.0035819360949199152,0.0,0.0,-0.004000926520078268,-0.007934507241944324,-0.0031789166665832,0.0,0.0,-0.001698868369919323,0.0,-0.0018648834509978306,-0.0021069720126488225,0.003544296628418776,0.001131592975213227,0.13324977633831414,-0.008836581887749093,0
0.04242886735973556,-0.02941375500443347,-0.016364601467471627,0.03102306988731548,0.014195743318775331,0.009812517096718727,0.016450260982425483,0.012166036862752333,-0.04363559109830454,0.013974952156275982,0.018868355715180626,0.1466046649944961,-0.03735160105912597,0.19195590684884778,-0.01685624080482088,-0.04819541941248724,0.0008982632667460524,-0.0016868592379326018,-0.0035819360949199152,0.0,0.0,0.006625879053113734,-0.007934507241944324,-0.0031789166665832,0.0,0.0,-0.0026842306188220753,0.0009166944475961533,-0.0041152998193797535,-0.003731907797692371,-0.0018754150407463226,-0.030939667440293177,0.0029542121738940887,1
-0.023044251921580123,0.04242886735973556,-0.02941375500443347,-0.016364601467471627,0.03102306988731548,-0.010719382084725202,-0.0010991087474093932,0.016450260982425483,0.012166036862752333,-0.04363559109830454,0.013974952156275982,-0.21914757510251404,0.1466046649944961,-0.03735160105912597,0.19195590684884778,-0.01685624080482088,0.003882844713835008,0.0008982632667460524,-0.0016868592379326018,-0.0035819360949199152,0.0,0.0039773472886808995,0.006625879053113734,-0.007934507241944324,-0.0031789166665832,0.0,-4.498355172443549e-05,0.00039756898038303035,0.0003900286353356129,0.00786948057432918,-0.00017405578019162477,-0.026956794624651798,0.010758049499068766,1
0.021006842192805845,-0.023044251921580123,0.04242886735973556,-0.02941375500443347,-0.016364601467471627,0.03885777583670093,0.02967593654794753,-0.0010991087474093932,0.016450260982425483,0.012166036862752333,-0.04363559109830454,0.023756887893727596,-0.21914757510251404,0.1466046649944961,-0.03735160105912597,0.19195590684884778,0.0,0.003882844713835008,0.0008982632667460524,-0.0016868592379326018,-0.0035819360949199152,0.0,0.0039773472886808995,0.006625879053113734,-0.007934507241944324,-0.0031789166665832,-0.003373171200917752,0.001622256814222074,-0.000548508844155053,0.003452570700153399,-0.0009747958210131527,-0.013616692592423785,-0.002922553981631828,1
0.03898175444417773,0.021006842192805845,-0.023044251921580123,0.04242886735973556,-0.02941375500443347,0.07812799705444183,0.04414535827553768,0.02967593654794753,-0.0010991087474093932,0.016450260982425483,0.012166036862752333,0.13881049347160926,0.023756887893727596,-0.21914757510251404,0.1466046649944961,-0.03735160105912597,0.0,0.0,0.003882844713835008,0.0008982632667460524,-0.0016868592379326018,0.0,0.0,0.0039773472886808995,0.006625879053113734,-0.007934507241944324,0.0,0.0,0.0,0.0,0.0,-0.053909407378771194,-0.012764042180267787,0
0.0689820334077712,0.03898175444417773,0.021006842192805845,-0.023044251921580123,0.04242886735973556,0.05712724780514673,0.055522925942692064,0.04414535827553768,0.02967593654794753,-0.0010991087474093932,0.016450260982425483,0.31879232046887973,0.13881049347160926,0.023756887893727596,-0.21914757510251404,0.1466046649944961,0.0,0.0,0.0,0.003882844713835008,0.0008982632667460524,0.0,0.0,0.0,0.0039773472886808995,0.006625879053113734,0.0,0.0,0.0,0.0,0.0,0.043165900947698954,-0.020969315224121418,1
-0.006014820584119461,0.0689820334077712,0.03898175444417773,0.021006842192805845,-0.023044251921580123,-0.032321837232857344,0.010929280424026262,0.055522925942692064,0.04414535827553768,0.02967593654794753,-0.0010991087474093932,-0.3039219338748589,0.31879232046887973,0.13881049347160926,0.023756887893727596,-0.21914757510251404,0.008554139938435073,0.0,0.0,0.0,0.003882844713835008,-0.0036357443715525953,0.0,0.0,0.0,0.0039773472886808995,0.0016514814426350733,-0.0018057682846403342,0.0016708002470895097,0.0015027079322009142,0.0011584802157078647,-0.07803274044447292,-0.0030318368663694857,1
0.030022823175140628,-0.006014820584119461,0.0689820334077712,0.03898175444417773,0.021006842192805845,-0.0006716832396909898,-0.008443083226542527,0.010929280424026262,0.055522925942692064,0.04414535827553768,0.02967593654794753,-0.0804226233917804,-0.3039219338748589,0.31879232046887973,0.13881049347160926,0.023756887893727596,-0.0019096074759730596,0.008554139938435073,0.0,0.0,0.0,0.0036357443715525164,-0.0036357443715525953,0.0,0.0,0.0,0.0012712134857092443,0.0007952935114062715,0.0015023323619229412,-0.007868140860750817,-0.0015057780708556266,0.13604336209635162,0.023407063666309423,1
0.010223071259838422,0.030022823175140628,-0.006014820584119461,0.0689820334077712,0.03898175444417773,0.05567277904065465,0.05147746424986135,-0.008443083226542527,0.010929280424026262,0.055522925942692064,0.04414535827553768,0.12489091765695862,-0.0804226233917804,-0.3039219338748589,0.31879232046887973,0.13881049347160926,0.001425756894726795,-0.0019096074759730596,0.008554139938435073,0.0,0.0,0.007626026443109515,0.0036357443715525164,-0.0036357443715525953,0.0,0.0,0.00473935074199669,0.0008572339413925157,0.002410935374048524,0.0025131911072430752,0.0012546790453486008,-0.11784136499770771,0.008295955634845567,1
0.05273251915708901,0.010223071259838422,0.030022823175140628,-0.006014820584119461,0.0689820334077712,0.010557777832630809,0.030307244109596274,0.05147746424986135,-0.008443083226542527,0.010929280424026262,0.055522925942692064,-0.09252549056127896,0.12489091765695862,-0.0804226233917804,-0.3039219338748589,0.31879232046887973,0.005067972274324209,0.001425756894726795,-0.0019096074759730596,0.008554139938435073,0.0,0.0037072654077855453,0.007626026443109515,0.0036357443715525164,-0.0036357443715525953,0.0,0.002854495027167881,0.0011952549279381367,0.0038240670764148987,0.009639348359474468,0.004238373853000955,0.05500447814467977,0.016869463102812014,1
0.005271353463139321,0.05273251915708901,0.010223071259838422,0.030022823175140628,-0.006014820584119461,0.012091130519659253,0.02110727071221842,0.030307244109596274,0.05147746424986135,-0.008443083226542527,0.010929280424026262,-0.13794812947588275,-0.09252549056127896,0.12489091765695862,-0.0804226233917804,-0.3039219338748589,0.0,0.005067972274324209,0.001425756894726795,-0.0019096074759730596,0.008554139938435073,0.0,0.0037072654077855453,0.007626026443109515,0.0036357443715525164,-0.0036357443715525953,-0.018565730419013188,-0.0014555811463518352,-0.009773518363040074,0.0031017341581282025,-0.0010177032111259121,-0.18199561073075507,0.03725851812477839,1
0.013104256880903291,0.005271353463139321,0.05273251915708901,0.010223071259838422,0.030022823175140628,0.11340152757579923,0.009935200630009576,0.02110727071221842,0.030307244109596274,0.05147746424986135,-0.008443083226542527,0.5105543171829623,-0.13794812947588275,-0.09252549056127896,0.12489091765695862,-0.0804226233917804,0.0,0.0,0.005067972274324209,0.001425756894726795,-0.0019096074759730596,0.0,0.0,0.0037072654077855453,0.007626026443109515,0.0036357443715525164,0.0,0.0,0.0,0.0,0.0,0.12750266128278998,0.004112821552241361,1
0.08957824815919076,0.013104256880903291,0.005271353463139321,0.05273251915708901,0.010223071259838422,0.042903940143446576,0.09693436381145684,0.009935200630009576,0.02110727071221842,0.030307244109596274,0.05147746424986135,0.14767468184701615,0.5105543171829623,-0.13794812947588275,-0.09252549056127896,0.12489091765695862,0.0,0.0,0.0,0.005067972274324209,0.001425756894726795,0.0,0.0,0.0,0.0037072654077855453,0.007626026443109515,0.0,0.0,0.0,0.0,0.0,0.14422445330419334,0.01234659944196708,0
0.020990523333286805,0.08957824815919076,0.013104256880903291,0.005271353463139321,0.05273251915708901,-0.03434167980610461,-0.10967975993330842,0.09693436381145684,0.009935200630009576,0.02110727071221842,0.030307244109596274,0.03126401533062432,0.14767468184701615,0.5105543171829623,-0.13794812947588275,-0.09252549056127896,-0.013707461466629746,0.0,0.0,0.0,0.005067972274324209,0.022014258800063944,0.0,0.0,0.0,0.0037072654077855453,0.016843041911246463,-4.5840523465750796e-05,0.0057655554046238625,0.0008179915345333019,-0.00012594364843613898,-0.05079770301681537,0.008554888521027516,1
-0.025744100197001744,0.020990523333286805,0.08957824815919076,0.013104256880903291,0.005271353463139321,0.029389365931668777,0.05085355553665859,-0.10967975993330842,0.09693436381145684,0.009935200630009576,0.02110727071221842,-0.1836368748391676,0.03126401533062432,0.14767468184701615,0.5105543171829623,-0.13794812947588275,0.006863695000655157,-0.013707461466629746,0.0,0.0,0.0,0.002957249168227392,0.022014258800063944,0.0,0.0,0.0,0.0021084084860330692,0.011006412950081488,7.356208448563637e-05,-0.0082625342925223,0.0011048726125043723,0.04305541689075297,0.011661131274754911,1
0.06174265789817742,-0.025744100197001744,0.020990523333286805,0.08957824815919076,0.013104256880903291,0.06851254732146296,0.10342105985046421,0.05085355553665859,-0.10967975993330842,0.09693436381145684,0.009935200630009576,0.10851134362619107,-0.1836368748391676,0.03126401533062432,0.14767468184701615,0.5105543171829623,0.0059606702118713195,0.006863695000655157,-0.013707461466629746,0.0,0.0,-0.01637438404279002,0.002957249168227392,0.022014258800063944,0.0,0.0,0.003478412901969464,0.0008206505995759357,0.003965123424788735,0.004261120316302206,0.004343973011475154,-0.004554801746856557,0.004450385696452561,1
0.07965710299444587,0.06174265789817742,-0.025744100197001744,0.020990523333286805,0.08957824815919076,0.085717254955991,0.085106589138716,0.10342105985046421,0.05085355553665859,-0.10967975993330842,0.09693436381145684,0.11850918927836235,0.10851134362619107,-0.1836368748391676,0.03126401533062432,0.14767468184701615,0.014748263902440438,0.0059606702118713195,0.006863695000655157,-0.013707461466629746,0.0,-0.00233734989907924,-0.01637438404279002,0.002957249168227392,0.022014258800063944,0.0,0.00012530316501734612,-0.0008516485592498259,0.003314261045452818,-0.00031351951211138683,-0.0033641469784573184,0.06309775510671287,0.0044306668154513625,1
0.06688496984537182,0.07965710299444587,0.06174265789817742,-0.025744100197001744,0.020990523333286805,0.04302217935654003,0.00947630504300556,0.085106589138716,0.10342105985046421,0.05085355553665859,-0.10967975993330842,0.03870888794254129,0.11850918927836235,0.10851134362619107,-0.1836368748391676,0.03126401533062432,0.005681548844863989,0.014748263902440438,0.0059606702118713195,0.006863695000655157,-0.013707461466629746,-0.034808794788815364,-0.00233734989907924,-0.01637438404279002,0.002957249168227392,0.022014258800063944,-0.00803083215994991,-0.0025506007817670344,-0.0056608272770951856,-0.0040928065005417244,-0.007407699795371735,0.012937817761612555,0.00176678494024524,0
0.03510071880454068,0.06688496984537182,0.07965710299444587,0.06174265789817742,-0.025744100197001744,-0.012242124758198096,0.056523935962896316,0.00947630504300556,0.085106589138716,0.10342105985046421,0.05085355553665859,-0.3516789666434295,0.03870888794254129,0.11850918927836235,0.10851134362619107,-0.1836368748391676,0.0,0.005681548844863989,0.014748263902440438,0.0059606702118713195,0.006863695000655157,0.0,-0.034808794788815364,-0.00233734989907924,-0.01637438404279002,0.002957249168227392,0.0,0.0,0.0,0.0,0.0,-0.04661061380076506,-0.0008830022790452425,0
-0.013188814677232407,0.03510071880454068,0.06688496984537182,0.07965710299444587,0.06174265789817742,-0.0003900754153057515,-0.07997926868217725,0.056523935962896316,0.00947630504300556,0.085106589138716,0.10342105985046421,0.25490703753477434,-0.3516789666434295,0.03870888794254129,0.11850918927836235,0.10851134362619107,0.0,0.0,0.005681548844863989,0.014748263902440438,0.0059606702118713195,0.0,0.0,-0.034808794788815364,-0.00233734989907924,-0.01637438404279002,0.0,0.0,0.0,0.0,0.0,-0.10235423670188733,-0.005561951591178958,0
-0.048550738118598155,-0.013188814677232407,0.03510071880454068,0.06688496984537182,0.07965710299444587,-0.07710440323624747,-0.1637402930781531,-0.07997926868217725,0.056523935962896316,0.00947630504300556,0.085106589138716,0.4303984035353263,0.25490703753477434,-0.3516789666434295,0.03870888794254129,0.11850918927836235,-0.006763641202542737,0.0,0.0,0.005681548844863989,0.014748263902440438,-0.0019633678630868448,0.0,0.0,-0.034808794788815364,-0.00233734989907924,-0.0028091406844491496,0.0004478369503881724,-0.006970396130510979,-0.003940980418189605,-0.002895882386835384,0.03823857679514053,0.01600667696551714,0
-0.07667065597942968,-0.048550738118598155,-0.013188814677232407,0.03510071880454068,0.06688496984537182,-0.047476112187462165,0.06796161761347429,-0.1637402930781531,-0.07997926868217725,0.056523935962896316,0.00947630504300556,-0.4977237814258534,0.4303984035353263,0.25490703753477434,-0.3516789666434295,0.03870888794254129,0.00021116091950263823,-0.006763641202542737,0.0,0.0,0.005681548844863989,0.006453094044805877,-0.0019633678630868448,0.0,0.0,-0.034808794788815364,-0.0022281916951935174,-0.0008336934163903982,-0.0020950216946694585,0.0005814018860427956,-0.0003553257225379101,0.04770058442962423,-0.002079034530983961,1
-0.04613245315032368,-0.07667065597942968,-0.048550738118598155,-0.013188814677232407,0.03510071880454068,0.027815049834982,-0.003471327014936361,0.06796161761347429,-0.1637402930781531,-0.07997926868217725,0.056523935962896316,-0.07508801764609102,-0.4977237814258534,0.4303984035353263,0.25490703753477434,-0.3516789666434295,0.0026893683378406952,0.00021116091950263823,-0.006763641202542737,0.0,0.0,-0.004316677808040914,0.006453094044805877,-0.0019633678630868448,0.0,0.0,0.00419029680644171,0.002595984994025102,0.003955158087128076,0.01076883613977158,0.0036174159791313547,-0.07992926273469537,0.006093124674167477,1
0.09580530910826414,-0.04613245315032368,-0.07667065597942968,-0.048550738118598155,-0.013188814677232407,0.061036245932069924,0.12351735307397578,-0.003471327014936361,0.06796161761347429,-0.1637402930781531,-0.07997926868217725,-0.08650770194079796,-0.07508801764609102,-0.4977237814258534,0.4303984035353263,0.25490703753477434,-0.0035081487457331445,0.0026893683378406952,0.00021116091950263823,-0.006763641202542737,0.0,-0.0005192344070712972,-0.004316677808040914,0.006453094044805877,-0.0019633678630868448,0.0,-0.0011281024645180056,-0.0006341792619009382,-0.003808028553951097,-0.0015572374660064129,-0.0008188347170736171,0.09316998383025837,-0.007508930791156533,0
0.04790545008701927,0.09580530910826414,-0.04613245315032368,-0.07667065597942968,-0.048550738118598155,-0.009773152750029766,-0.061784772745341554,0.12351735307397578,-0.003471327014936361,0.06796161761347429,-0.1637402930781531,0.06311838070610831,-0.08650770194079796,-0.07508801764609102,-0.4977237814258534,0.4303984035353263,-0.007319399250637922,-0.0035081487457331445,0.0026893683378406952,0.00021116091950263823,-0.006763641202542737,-0.012485246104909866,-0.0005192344070712972,-0.004316677808040914,0.006453094044805877,-0.0019633678630868448,-0.0015209772158799744,-0.0009428026509561531,-0.0009239134793167049,0.0025146884633327283,8.659630428156047e-05,-0.037781585462068404,-0.00451176834584761,0
-0.0614857789471888,0.04790545008701927,0.09580530910826414,-0.04613245315032368,-0.07667065597942968,-0.04425561458869296,0.02771329100770282,-0.061784772745341554,0.12351735307397578,-0.003471327014936361,0.06796161761347429,-0.16061882510072342,0.06311838070610831,-0.08650770194079796,-0.07508801764609102,-0.4977237814258534,0.0,-0.007319399250637922,-0.0035081487457331445,0.0026893683378406952,0.00021116091950263823,0.0,-0.012485246104909866,-0.0005192344070712972,-0.004316677808040914,0.006453094044805877,0.0,0.0,0.0,0.0,0.0,-0.05605952383480564,0.02069813429012242,0
-0.018031517478246384,-0.0614857789471888,0.04790545008701927,0.09580530910826414,-0.04613245315032368,-0.030624886152061243,-0.04489045974628875,0.02771329100770282,-0.061784772745341554,0.12351735307397578,-0.003471327014936361,-0.09722425089820073,-0.16061882510072342,0.06311838070610831,-0.08650770194079796,-0.07508801764609102,0.0,0.0,-0.007319399250637922,-0.0035081487457331445,0.0026893683378406952,0.0,0.0,-0.012485246104909866,-0.0005192344070712972,-0.004316677808040914,0.0,0.0,0.0,0.0,0.0,-0.026173234903445485,0.015543114289791523,1
-0.010323365478884839,-0.018031517478246384,-0.0614857789471888,0.04790545008701927,0.09580530910826414,0.015588557848058461,0.023626510559215285,-0.04489045974628875,0.02771329100770282,-0.061784772745341554,0.12351735307397578,-0.05593110472622428,-0.09722425089820073,-0.16061882510072342,0.06311838070610831,-0.08650770194079796,0.0,0.0,0.0,-0.007319399250637922,-0.0035081487457331445,0.0,0.0,0.0,-0.012485246104909866,-0.0005192344070712972,-0.004414763167424277,-0.0010190030811680361,-0.006866108313810431,-0.007945995529806406,-0.000770181159431158,0.05708348885106954,-0.024786779141450943,0
0.023470457854291055,-0.010323365478884839,-0.018031517478246384,-0.0614857789471888,0.04790545008701927,0.012167344845504954,0.03343228792781457,0.023626510559215285,-0.04489045974628875,0.02771329100770282,-0.061784772745341554,0.14511719406268328,-0.05593110472622428,-0.09722425089820073,-0.16061882510072342,0.06311838070610831,0.007821340610456473,0.0,0.0,0.0,-0.007319399250637922,0.008437377287544172,0.0,0.0,0.0,-0.012485246104909866,0.0014357338382110193,-0.0018040195526650214,0.0007605173260456922,0.00043458062519749106,0.0019747946140052214,0.008061144012666867,-0.008725212717464933,0
-0.016291513905124542,0.023470457854291055,-0.010323365478884839,-0.018031517478246384,-0.0614857789471888,-0.03716829041130745,-0.07180907325216675,0.03343228792781457,0.023626510559215285,-0.04489045974628875,0.02771329100770282,0.15489426054053407,0.14511719406268328,-0.05593110472622428,-0.09722425089820073,-0.16061882510072342,0.013743774970555836,0.007821340610456473,0.0,0.0,0.0,0.016151154838991964,0.008437377287544172,0.0,0.0,0.0,0.003260544515929082,0.0020817657066864404,0.005085373127879452,0.004628356070676824,-0.0018689179664348225,0.02307198667426632,0.0009732360671348515,0
-0.013986771441286837,-0.016291513905124542,0.023470457854291055,-0.010323365478884839,-0.018031517478246384,-0.022957684821525416,-0.10412602934159285,-0.07180907325216675,0.03343228792781457,0.023626510559215285,-0.04489045974628875,0.12380529044918664,0.15489426054053407,0.14511719406268328,-0.05593110472622428,-0.09722425089820073,0.0009112753791085209,0.013743774970555836,0.007821340610456473,0.0,0.0,-0.0006273739080767415,0.016151154838991964,0.008437377287544172,0.0,0.0,-0.0014404920586093394,0.001931501662911235,-0.0019161374116985152,0.001775260848174347,0.0032971324139796847,0.009458929360051542,-0.010758050422765633,1
-0.14283646801484537,-0.013986771441286837,-0.016291513905124542,0.023470457854291055,-0.010323365478884839,-0.05020415256783442,-0.04383426737266411,-0.10412602934159285,-0.07180907325216675,0.03343228792781457,0.023626510559215285,0.020467856711182012,0.12380529044918664,0.15489426054053407,0.14511719406268328,-0.05593110472622428,-0.0035457334559210337,0.0009112753791085209,0.013743774970555836,0.007821340610456473,0.0,-0.007904302158416112,-0.0006273739080767415,0.016151154838991964,0.008437377287544172,0.0,0.004417858839770342,0.0006188963850949729,0.004172884447931745,0.004452152821407738,0.00047334142445150666,0.02126917222984017,-0.01785761704892121,0
0.06798912022097571,-0.14283646801484537,-0.013986771441286837,-0.016291513905124542,0.023470457854291055,-0.013424528456319982,0.08408367429072408,-0.04383426737266411,-0.10412602934159285,-0.07180907325216675,0.03343228792781457,-0.46792944572776557,0.020467856711182012,0.12380529044918664,0.15489426054053407,0.14511719406268328,0.0,-0.0035457334559210337,0.0009112753791085209,0.013743774970555836,0.007821340610456473,0.0,-0.007904302158416112,-0.0006273739080767415,0.016151154838991964,0.008437377287544172,0.0,0.0,0.0,0.0,0.0,-0.1563626456804514,-0.013098423784384507,1
-0.02833022522477614,0.06798912022097571,-0.14283646801484537,-0.013986771441286837,-0.016291513905124542,-0.012577463089012841,-0.012347618940046667,0.08408367429072408,-0.04383426737266411,-0.10412602934159285,-0.07180907325216675,0.005960778271798161,-0.46792944572776557,0.020467856711182012,0.12380529044918664,0.15489426054053407,0.0,0.0,-0.0035457334559210337,0.0009112753791085209,0.013743774970555836,0.0,0.0,-0.007904302158416112,-0.0006273739080767415,0.016151154838991964,0.0,0.0,0.0,0.0,0.0,-0.07482551720825865,0.009061561858026075,1
0.006881807273416558,-0.02833022522477614,0.06798912022097571,-0.14283646801484537,-0.013986771441286837,0.054886794884832064,0.031052728342360923,-0.012347618940046667,0.08408367429072408,-0.04383426737266411,-0.10412602934159285,0.20810234728439858,0.005960778271798161,-0.46792944572776557,0.020467856711182012,0.12380529044918664,0.003936105846604331,0.0,0.0,-0.0035457334559210337,0.0009112753791085209,0.0008622457858156348,0.0,0.0,-0.007904302158416112,-0.0006273739080767415,4.179431592864532e-05,-0.00299790730579126,0.0002591324457522466,-0.0030104868778536155,-0.002614872092195969,0.1892827431791319,0.0074674230834836045,1
0.0022527695253956636,0.006881807273416558,-0.02833022522477614,0.06798912022097571,-0.14283646801484537,-0.059433815407110166,-0.033512455029260015,0.031052728342360923,-0.012347618940046667,0.08408367429072408,-0.04383426737266411,0.00596521529445772,0.20810234728439858,0.005960778271798161,-0.46792944572776557,0.020467856711182012,-0.0015621647633027617,0.003936105846604331,0.0,0.0,-0.0035457334559210337,-0.0024736573273149744,0.0008622457858156348,0.0,0.0,-0.007904302158416112,-0.0030417085584033684,0.00032404581245084067,-0.0019087666858858081,-0.0006731635873119317,0.0001638504676697692,-0.05354322874787087,-0.0035294493580203487,0
0.006328045110681549,0.0022527695253956636,0.006881807273416558,-0.02833022522477614,0.06798912022097571,-0.007054083354153257,-0.055086721945955444,-0.033512455029260015,0.031052728342360923,-0.012347618940046667,0.08408367429072408,0.03780144414414629,0.00596521529445772,0.20810234728439858,0.005960778271798161,-0.46792944572776557,-0.024744119926375565,-0.0015621647633027617,0.003936105846604331,0.0,0.0,-0.006355778036818011,-0.0024736573273149744,0.0008622457858156348,0.0,0.0,0.0014876051948213534,0.002318039966506136,0.0013782814424922614,0.004562650927083284,0.0015143713661059863,0.08505020785441988,0.013610442893997841,1
-0.06741655198907234,0.006328045110681549,0.0022527695253956636,0.006881807273416558,-0.02833022522477614,-0.020875013698633354,0.022094333376479917,-0.055086721945955444,-0.033512455029260015,0.031052728342360923,-0.012347618940046667,0.23239746916337004,0.03780144414414629,0.00596521529445772,0.20810234728439858,0.005960778271798161,0.008563466748977752,-0.024744119926375565,-0.0015621647633027617,0.003936105846604331,0.0,0.0009269317082595186,-0.006355778036818011,-0.0024736573273149744,0.0008622457858156348,0.0,-0.0024781011052660558,-0.0028426801720092426,-0.0047733775502731115,-0.005262779350850693,-0.00519871602643431,-0.0159953063558282,0.0024552083121429273,1
0.11989784424690378,-0.06741655198907234,0.006328045110681549,0.0022527695253956636,0.006881807273416558,0.1858872421456208,0.06578865562121589,0.022094333376479917,-0.055086721945955444,-0.033512455029260015,0.031052728342360923,0.4018931599310383,0.23239746916337004,0.03780144414414629,0.00596521529445772,0.20810234728439858,-0.020222672486934195,0.008563466748977752,-0.024744119926375565,-0.0015621647633027617,0.003936105846604331,-0.0004054105379060217,0.0009269317082595186,-0.006355778036818011,-0.0024736573273149744,0.0008622457858156348,0.0003274846887966844,0.005212532400290205,0.001235440583307487,0.004058470999649349,-0.0014201645606754367,0.0005669529791277959,0.017113101140443933,0
-0.0006627828193902349,0.11989784424690378,-0.06741655198907234,0.006328045110681549,0.0022527695253956636,-0.09760629369781797,0.02693411100008751,0.06578865562121589,0.022094333376479917,-0.055086721945955444,-0.033512455029260015,-0.5941177501268061,0.4018931599310383,0.23239746916337004,0.03780144414414629,0.00596521529445772,0.0,-0.020222672486934195,0.008563466748977752,-0.024744119926375565,-0.0015621647633027617,0.0,-0.0004054105379060217,0.0009269317082595186,-0.006355778036818011,-0.0024736573273149744,0.0,0.0,0.0,0.0,0.0,0.02324348165163651,0.011165451454031047,0
-0.0007308107290275756,-0.0006627828193902349,0.11989784424690378,-0.06741655198907234,0.006328045110681549,-0.015809095980011092,-0.020549963687287495,0.02693411100008751,0.06578865562121589,0.022094333376479917,-0.055086721945955444,-0.21091698870475545,-0.5941177501268061,0.4018931599310383,0.23239746916337004,0.03780144414414629,0.0,0.0,-0.020222672486934195,0.008563466748977752,-0.024744119926375565,0.0,0.0,-0.0004054105379060217,0.0009269317082595186,-0.006355778036818011,0.0,0.0,0.0,0.0,0.0,-0.12869019434896453,-0.01792367292962442,1
-0.034322369875572654,-0.0007308107290275756,-0.0006627828193902349,0.11989784424690378,-0.06741655198907234,0.010152425477148464,0.0035280769976651634,-0.020549963687287495,0.02693411100008751,0.06578865562121589,0.022094333376479917,0.15176647490486947,-0.21091698870475545,-0.5941177501268061,0.4018931599310383,0.23239746916337004,0.016508486356689125,0.0,0.0,-0.020222672486934195,0.008563466748977752,0.009341522880150855,0.0,0.0,-0.0004054105379060217,0.0009269317082595186,-0.0030910552314551204,0.003355257884664118,0.00031518533304951776,-0.0019923646552891944,-0.00378028039333266,0.1477144530468643,0.004914014763238391,1
0.012562357274172186,-0.034322369875572654,-0.0007308107290275756,-0.0006627828193902349,0.11989784424690378,0.035692914195046804,0.03355202846370284,0.0035280769976651634,-0.020549963687287495,0.02693411100008751,0.06578865562121589,0.027123496178528706,0.15176647490486947,-0.21091698870475545,-0.5941177501268061,0.4018931599310383,0.014041191045620422,0.016508486356689125,0.0,0.0,-0.020222672486934195,-0.012242429986760865,0.009341522880150855,0.0,0.0,-0.0004054105379060217,-0.0057276544787066164,-0.006312910696104516,-0.004560329501441383,-0.0013824492979632858,-0.0018609537977970468,0.02441067528719394,-0.019802627137065654,1
0.057301477918895165,0.012562357274172186,-0.034322369875572654,-0.0007308107290275756,-0.0006627828193902349,0.04316199810650416,0.05672998681482562,0.03355202846370284,0.0035280769976651634,-0.020549963687287495,0.02693411100008751,-0.030935001180156487,0.027123496178528706,0.15176647490486947,-0.21091698870475545,-0.5941177501268061,0.0007859330680822148,0.014041191045620422,0.016508486356689125,0.0,0.0,-0.0015117719761175716,-0.012242429986760865,0.009341522880150855,0.0,0.0,-0.0011370879246414205,0.0017178180697587065,-0.002458978179138322,-0.0014215406521585583,-0.001400722294633329,-0.043544872486875795,-0.009040744714927645,0
0.05383941088945913,0.057301477918895165,0.012562357274172186,-0.034322369875572654,-0.0007308107290275756,0.02923709589856572,0.024346173275123714,0.05672998681482562,0.03355202846370284,0.0035280769976651634,-0.020549963687287495,0.11815214318931358,-0.030935001180156487,0.027123496178528706,0.15176647490486947,-0.21091698870475545,0.011301626519177927,0.0007859330680822148,0.014041191045620422,0.016508486356689125,0.0,-0.02176563688277001,-0.0015117719761175716,-0.012242429986760865,0.009341522880150855,0.0,-0.0009355327957539296,-0.00043360249195111363,0.0002769177864596461,-0.0007510058034366406,0.00031429942387406793,0.001091803997157726,0.008040243847937816,1
-0.014610743594174292,0.05383941088945913,0.057301477918895165,0.012562357274172186,-0.034322369875572654,-0.009536096084192598,0.00935274566211257,0.024346173275123714,0.05672998681482562,0.03355202846370284,0.0035280769976651634,-0.16105529924099066,0.11815214318931358,-0.030935001180156487,0.027123496178528706,0.15176647490486947,0.003928179848360413,0.011301626519177927,0.0007859330680822148,0.014041191045620422,0.016508486356689125,0.009823748915622018,-0.02176563688277001,-0.0015117719761175716,-0.012242429986760865,0.009341522880150855,-0.006314027103589657,-0.0017788300042613442,-0.006302406664362747,0.0019810613143937668,-0.005480399759051154,-0.07462590381780797,0.014903406057322108,1
0.03215518557872243,-0.014610743594174292,0.05383941088945913,0.057301477918895165,0.012562357274172186,0.06630882619148887,0.03956883595184142,0.00935274566211257,0.024346173275123714,0.05672998681482562,0.03355202846370284,0.19655968966451146,-0.16105529924099066,0.11815214318931358,-0.030935001180156487,0.027123496178528706,0.0,0.003928179848360413,0.011301626519177927,0.0007859330680822148,0.014041191045620422,0.0,0.009823748915622018,-0.02176563688277001,-0.0015117719761175716,-0.012242429986760865,0.0,0.0,0.0,0.0,0.0,-0.015811550880004556,0.01662629946931475,0
0.028735020525569064,0.03215518557872243,-0.014610743594174292,0.05383941088945913,0.057301477918895165,-0.030441907117041027,-0.01831733694887795,0.03956883595184142,0.00935274566211257,0.024346173275123714,0.05672998681482562,-0.08520145811413128,0.19655968966451146,-0.16105529924099066,0.11815214318931358,-0.030935001180156487,0.0,0.0,0.003928179848360413,0.011301626519177927,0.0007859330680822148,0.0,0.0,0.009823748915622018,-0.02176563688277001,-0.0015117719761175716,0.0,0.0,0.0,0.0,0.0,-0.13448769348509987,0.026118536680316346,1
-0.009300736104111243,0.028735020525569064,0.03215518557872243,-0.014610743594174292,0.05383941088945913,0.15368447378093678,0.01668871399794114,-0.01831733694887795,0.03956883595184142,0.00935274566211257,0.024346173275123714,0.4330605858052116,-0.08520145811413128,0.19655968966451146,-0.16105529924099066,0.11815214318931358,0.007195949452998886,0.0,0.0,0.003928179848360413,0.011301626519177927,0.010019752127633287,0.0,0.0,0.009823748915622018,-0.02176563688277001,0.005601835528131443,0.0007729950880377559,0.006832464115856578,0.004564552662681651,0.0016304963428707203,0.11979192508695023,0.015541994553678417,1
0.17199931614172337,-0.009300736104111243,0.028735020525569064,0.03215518557872243,-0.014610743594174292,0.038213710621736195,0.17077318947925546,0.01668871399794114,-0.01831733694887795,0.03956883595184142,0.00935274566211257,-0.09540096041386861,0.4330605858052116,-0.08520145811413128,0.19655968966451146,-0.16105529924099066,-0.0006660282341711059,0.007195949452998886,0.0,0.0,0.003928179848360413,0.003259592467325838,0.010019752127633287,0.0,0.0,0.009823748915622018,0.0004238619329117325,0.0027412457996359857,0.00040012746915431247,0.0005084233186097103,0.0018042948870655101,0.19644023729719876,0.042576830344522594,0
0.006146914532493951,0.17199931614172337,-0.009300736104111243,0.028735020525569064,0.03215518557872243,-0.018038590260345936,-0.028880970678144588,0.17077318947925546,0.01668871399794114,-0.01831733694887795,0.03956883595184142,-0.050356609169501444,-0.09540096041386861,0.4330605858052116,-0.08520145811413128,0.19655968966451146,-0.00043576215486367973,-0.0006660282341711059,0.007195949452998886,0.0,0.0,0.0036544307294546783,0.003259592467325838,0.010019752127633287,0.0,0.0,0.006922482761458568,0.0021425594017438314,0.005493380205990495,0.005245381442683414,0.006053938191928198,-0.055311966481659626,-0.004293261909691937,1
-0.03439273071528722,0.006146914532493951,0.17199931614172337,-0.009300736104111243,0.028735020525569064,0.027570319423055083,0.006962970352229854,-0.028880970678144588,0.17077318947925546,0.01668871399794114,-0.01831733694887795,-0.07012390207835267,-0.050356609169501444,-0.09540096041386861,0.4330605858052116,-0.08520145811413128,0.001613793899735174,-0.00043576215486367973,-0.0006660282341711059,0.007195949452998886,0.0,-0.008723013799226307,0.0036544307294546783,0.003259592467325838,0.010019752127633287,0.0,0.0024166380724244584,-0.003568286693453976,0.00010061463350459742,0.0010562624618463007,-0.00038250387794688036,-0.00868464970162392,-0.0025148298816218954,0
0.06422687170749941,-0.03439273071528722,0.006146914532493951,0.17199931614172337,-0.009300736104111243,0.0058074012380800455,0.0493897357570056,0.006962970352229854,-0.028880970678144588,0.17077318947925546,0.01668871399794114,-0.061229070299704855,-0.07012390207835267,-0.050356609169501444,-0.09540096041386861,0.4330605858052116,0.004927581499820594,0.001613793899735174,-0.00043576215486367973,-0.0006660282341711059,0.007195949452998886,-0.0030418525131347585,-0.008723013799226307,0.0036544307294546783,0.003259592467325838,0.010019752127633287,0.0001414554217560274,4.637453363018547e-05,0.0008488714814978024,-0.0016170951248556816,-0.0012036919903811675,0.023151852005971373,-0.02473399696073182,0
-0.00809145984043595,0.06422687170749941,-0.03439273071528722,0.006146914532493951,0.17199931614172337,-0.01442246699822902,-0.0007045093148355615,0.0493897357570056,0.006962970352229854,-0.028880970678144588,0.17077318947925546,-0.08594317337744964,-0.061229070299704855,-0.07012390207835267,-0.050356609169501444,-0.09540096041386861,0.0,0.004927581499820594,0.001613793899735174,-0.00043576215486367973,-0.0006660282341711059,0.0,-0.0030418525131347585,-0.008723013799226307,0.0036544307294546783,0.003259592467325838,0.0,0.0,0.0,0.0,0.0,-0.12007434480609416,-0.021234806914038014,1
-0.00796352158906383,-0.00809145984043595,0.06422687170749941,-0.03439273071528722,0.006146914532493951,0.02952772743606851,0.015447882013813469,-0.0007045093148355615,0.0493897357570056,0.006962970352229854,-0.028880970678144588,0.01410942418229222,-0.08594317337744964,-0.061229070299704855,-0.07012390207835267,-0.050356609169501444,0.0,0.0,0.004927581499820594,0.001613793899735174,-0.00043576215486367973,0.0,0.0,-0.0030418525131347585,-0.008723013799226307,0.0036544307294546783,0.0,0.0,0.0,0.0,0.0,-0.06872160867774978,-0.0015777364105227093,0
0.03302690590835114,-0.00796352158906383,-0.00809145984043595,0.06422687170749941,-0.03439273071528722,-0.012445267171666642,-0.01641412765740705,0.015447882013813469,-0.0007045093148355615,0.0493897357570056,0.006962970352229854,0.07853661766224268,0.01410942418229222,-0.08594317337744964,-0.061229070299704855,-0.07012390207835267,0.0,0.0,0.0,0.004927581499820594,0.001613793899735174,0.0,0.0,0.0,-0.0030418525131347585,-0.008723013799226307,-0.0018395262188898726,-4.637453363007739e-05,-0.0007761949246543028,0.004429068763742317,-0.0030315004144642658,0.02042987418572522,-0.006806054450367481,1
-0.015564685255468613,0.03302690590835114,-0.00796352158906383,-0.00809145984043595,0.06422687170749941,0.02954418488318223,0.018254686566936,-0.01641412765740705,0.015447882013813469,-0.0007045093148355615,0.0493897357570056,-0.0002636951450888603,0.07853661766224268,0.01410942418229222,-0.08594317337744964,-0.061229070299704855,-0.0008663278454320578,0.0,0.0,0.0,0.004927581499820594,-0.014457495750982102,0.0,0.0,0.0,-0.0030418525131347585,0.0021609894682747244,0.0,0.000833088961867868,0.0031120372850685454,-0.003117226398797035,0.18144982034828147,-0.010789707854361756,1
0.025998330284660354,-0.015564685255468613,0.03302690590835114,-0.00796352158906383,-0.00809145984043595,0.04263707126875787,0.03887479490656168,0.018254686566936,-0.01641412765740705,0.015447882013813469,-0.0007045093148355615,0.04778205980484307,-0.0002636951450888603,0.07853661766224268,0.01410942418229222,-0.08594317337744964,0.00022942960602832858,-0.0008663278454320578,0.0,0.0,0.0,-0.011417786461533366,-0.014457495750982102,0.0,0.0,0.0,-0.0037957152051626797,1.5490702332452655e-05,-0.0032787575684198856,-0.0019183844720597073,-0.006770906207411418,-0.06213202996075731,-0.02193507643650444,0
0.05790953713217555,0.025998330284660354,-0.015564685255468613,0.03302690590835114,-0.00796352158906383,-0.0011391243589778546,0.0388383861001582,0.03887479490656168,0.018254686566936,-0.01641412765740705,0.015447882013813469,-0.43993566626598773,0.04778205980484307,-0.0002636951450888603,0.07853661766224268,0.01410942418229222,-0.004265058741001755,0.00022942960602832858,-0.0008663278454320578,0.0,0.0,-6.00901832533118e-05,-0.011417786461533366,-0.014457495750982102,0.0,0.0,-0.0058182364562855,-7.746236899289348e-05,-0.0036849479178695612,-0.0015681547878355414,0.0022832741823508662,0.005022585859911754,-0.0050530679325803355,1
-0.008957983940706614,0.05790953713217555,0.025998330284660354,-0.015564685255468613,0.03302690590835114,0.06705932136412149,-0.0015396952012282693,0.0388383861001582,0.03887479490656168,0.018254686566936,-0.01641412765740705,0.19867344696623226,-0.43993566626598773,0.04778205980484307,-0.0002636951450888603,0.07853661766224268,-0.0017676014299470204,-0.004265058741001755,0.00022942960602832858,-0.0008663278454320578,0.0,0.004139970490315532,-6.00901832533118e-05,-0.011417786461533366,-0.014457495750982102,0.0,0.0029204508180250533,-0.004573271846312483,0.003636543949566363,0.007264593011894207,0.001976270493363106,-0.03560786100614335,0.008072697326410612,1
0.07834472684938766,-0.008957983940706614,0.05790953713217555,0.025998330284660354,-0.015564685255468613,0.024496700226765554,0.06992516579649107,-0.0015396952012282693,0.0388383861001582,0.03887479490656168,0.018254686566936,0.070675549843149,0.19867344696623226,-0.43993566626598773,0.04778205980484307,-0.0002636951450888603,0.0,-0.0017676014299470204,-0.004265058741001755,0.00022942960602832858,-0.0008663278454320578,0.0,0.004139970490315532,-6.00901832533118e-05,-0.011417786461533366,-0.014457495750982102,0.0,0.0,0.0,0.0,0.0,-0.016963907260507907,0.011142407859591898,1
0.0032375359314735066,0.07834472684938766,-0.008957983940706614,0.05790953713217555,0.025998330284660354,0.014250477651206253,0.018968087831287325,0.06992516579649107,-0.0015396952012282693,0.0388383861001582,0.03887479490656168,-0.2723722775724415,0.070675549843149,0.19867344696623226,-0.43993566626598773,0.04778205980484307,0.0,0.0,-0.0017676014299470204,-0.004265058741001755,0.00022942960602832858,0.0,0.0,0.004139970490315532,-6.00901832533118e-05,-0.011417786461533366,0.0,0.0,0.0,0.0,0.0,-0.1304614721085583,-0.009011770511784586,0
0.02577880522279346,0.0032375359314735066,0.07834472684938766,-0.008957983940706614,0.05790953713217555,-0.013760832152144227,-0.12833010442855405,0.018968087831287325,0.06992516579649107,-0.0015396952012282693,0.0388383861001582,0.5730859400222766,-0.2723722775724415,0.070675549843149,0.19867344696623226,-0.43993566626598773,-0.007721443758473873,0.0,0.0,-0.0017676014299470204,-0.004265058741001755,0.01485823175256519,0.0,0.0,0.004139970490315532,-6.00901832533118e-05,-0.0009818713409992215,0.00021583179831939495,0.0028456760859313017,0.004549771702840345,0.0013070116176869143,0.10774683290098837,-0.006130376200507629,0
-0.0595822891703083,0.02577880522279346,0.0032375359314735066,0.07834472684938766,-0.008957983940706614,-0.05959362786756337,-0.0780588878426479,-0.12833010442855405,0.018968087831287325,0.06992516579649107,-0.0015396952012282693,0.14108089311216715,0.5730859400222766,-0.2723722775724415,0.070675549843149,0.19867344696623226,0.0012136646374291207,-0.007721443758473873,0.0,0.0,-0.0017676014299470204,-0.002303396535513857,0.01485823175256519,0.0,0.0,0.004139970490315532,0.0011158827098817804,0.0035060629168323764,0.003329382307033405,0.0028523833586798102,0.005035722453882469,0.054887525460746565,-0.016483971250457193,1
-0.10432282929828972,-0.0595822891703083,0.02577880522279346,0.0032375359314735066,0.07834472684938766,-0.05527339097514916,0.04158058753677205,-0.0780588878426479,-0.12833010442855405,0.018968087831287325,0.06992516579649107,-0.5093248418863552,0.14108089311216715,0.5730859400222766,-0.2723722775724415,0.070675549843149,0.01095903812582371,0.0012136646374291207,-0.007721443758473873,0.0,0.0,-0.0007097782253437527,-0.002303396535513857,0.01485823175256519,0.0,0.0,-0.010451062786172083,1.5504857100265862e-05,-0.001204987608039198,0.0034817068904403566,-0.0028439624117646604,-0.006484800706278453,0.007884829192559995,0
0.01773862472902835,-0.10432282929828972,-0.0595822891703083,0.02577880522279346,0.0032375359314735066,0.012763399505659818,-0.0025374162717326765,0.04158058753677205,-0.0780588878426479,-0.12833010442855405,0.018968087831287325,-0.1557930816847392,-0.5093248418863552,0.14108089311216715,0.5730859400222766,-0.2723722775724415,-0.024390816366714568,0.01095903812582371,0.0012136646374291207,-0.007721443758473873,0.0,-0.01899580821136178,-0.0007097782253437527,-0.002303396535513857,0.01485823175256519,0.0,-0.0016558522386250216,0.0010837229891093134,0.0015809616622168316,0.001978796861462168,-0.006258720586913135,-0.07448859541708709,0.023287315150457337,0
-0.052207727019481946,0.01773862472902835,-0.10432282929828972,-0.0595822891703083,0.02577880522279346,-0.07136584745152444,-0.0576685255971915,-0.0025374162717326765,0.04158058753677205,-0.0780588878426479,-0.12833010442855405,1.862465052924893,-0.1557930816847392,-0.5093248418863552,0.14108089311216715,0.5730859400222766,-0.005165919547798178,-0.024390816366714568,0.01095903812582371,0.0012136646374291207,-0.007721443758473873,-0.024480114132205744,-0.01899580821136178,-0.0007097782253437527,-0.002303396535513857,0.01485823175256519,0.0011367368015499691,0.00034078642727583086,-0.0009002017171208833,-0.00995320436668036,-0.004097503830119063,0.05307258402723523,0.02077201461398231,0
-0.017871403648253008,-0.052207727019481946,0.01773862472902835,-0.10432282929828972,-0.0595822891703083,-0.002432431309559477,0.018149148688203217,-0.0576685255971915,-0.0025374162717326765,0.04158058753677205,-0.0780588878426479,-2.0340826515640065,1.862465052924893,-0.1557930816847392,-0.5093248418863552,0.14108089311216715,0.0,-0.005165919547798178,-0.024390816366714568,0.01095903812582371,0.0012136646374291207,0.0,-0.024480114132205744,-0.01899580821136178,-0.0007097782253437527,-0.002303396535513857,0.0,0.0,0.0,0.0,0.0,-0.07594752879238088,-0.012021476158162925,0
-0.0032582648830640133,-0.017871403648253008,-0.052207727019481946,0.01773862472902835,-0.10432282929828972,-0.032367671475667346,-0.04581968306948433,0.018149148688203217,-0.0576685255971915,-0.0025374162717326765,0.04158058753677205,0.1519286988986132,-2.0340826515640065,1.862465052924893,-0.1557930816847392,-0.5093248418863552,0.0,0.0,-0.005165919547798178,-0.024390816366714568,0.01095903812582371,0.0,0.0,-0.024480114132205744,-0.01899580821136178,-0.0007097782253437527,0.0,0.0,0.0,0.0,0.0,-0.05114192921869926,0.010929070405495164,1
-0.022649503822278868,-0.0032582648830640133,-0.017871403648253008,-0.052207727019481946,0.01773862472902835,0.06359804492979791,0.04241347107172839,-0.04581968306948433,0.018149148688203217,-0.0576685255971915,-0.0025374162717326765,0.008336786146184876,0.1519286988986132,-2.0340826515640065,1.862465052924893,-0.1557930816847392,0.02395108956443787,0.0,0.0,-0.005165919547798178,-0.024390816366714568,-0.001731916082799968,0.0,0.0,-0.024480114132205744,-0.01899580821136178,-0.0020188023216633766,-0.0037273405831863057,-0.005844177221410652,-0.002546280301009281,-0.001164996447042792,0.10560553227650747,-0.009930568263967475,0
0.09403411179052179,-0.022649503822278868,-0.0032582648830640133,-0.017871403648253008,-0.052207727019481946,0.006876032275336241,0.04578793887930947,0.04241347107172839,-0.04581968306948433,0.018149148688203217,-0.0576685255971915,-0.1255890790595926,0.008336786146184876,0.1519286988986132,-2.0340826515640065,1.862465052924893,-0.007833838737866063,0.02395108956443787,0.0,0.0,-0.005165919547798178,0.005433148471653615,-0.001731916082799968,0.0,0.0,-0.024480114132205744,-0.008231378984926487,0.0022718147489957656,-0.0031866658938872,-0.0030830666247059152,-0.0032621768129033946,0.09165915678832037,-0.00299850307979104,1
-0.024408320177316034,0.09403411179052179,-0.022649503822278868,-0.0032582648830640133,-0.017871403648253008,0.046912223094363166,0.02189494632473788,0.04578793887930947,0.04241347107172839,-0.04581968306948433,0.018149148688203217,0.1130695444983661,-0.1255890790595926,0.008336786146184876,0.1519286988986132,-2.0340826515640065,-0.013334268201614754,-0.007833838737866063,0.02395108956443787,0.0,0.0,-0.011082728714830138,0.005433148471653615,-0.001731916082799968,0.0,0.0,-0.00010939782793316884,-0.0009742525213074844,0.002848097507938586,0.001826413106775254,0.0008706701879725092,-0.07517650542549886,0.015889113054271643,0
0.0425883701299609,-0.024408320177316034,0.09403411179052179,-0.022649503822278868,-0.0032582648830640133,-0.015345944995459064,-0.012871700183562809,0.02189494632473788,0.04578793887930947,0.04241347107172839,-0.04581968306948433,-0.016615707040234594,0.1130695444983661,-0.1255890790595926,0.008336786146184876,0.1519286988986132,-0.01245201142404801,-0.013334268201614754,-0.007833838737866063,0.02395108956443787,0.0,-0.009885595473033193,-0.011082728714830138,0.005433148471653615,-0.001731916082799968,0.0,-0.0051234464218295655,0.00041743500135651485,-0.002884203589621985,-0.002007517618392152,-0.002806117608591013,0.03110898681436885,-0.006920442822399372,1
-0.04029392775540617,0.0425883701299609,-0.024408320177316034,0.09403411179052179,-0.022649503822278868,-0.04625812349715757,-0.023661839001663305,-0.012871700183562809,0.02189494632473788,0.04578793887930947,0.04241347107172839,-0.07367691059675759,-0.016615707040234594,0.1130695444983661,-0.1255890790595926,0.008336786146184876,0.01822943801065278,-0.01245201142404801,-0.013334268201614754,-0.007833838737866063,0.02395108956443787,0.0006286133986272626,-0.009885595473033193,-0.011082728714830138,0.005433148471653615,-0.001731916082799968,-0.010362543516249326,-0.00034012099233353703,-0.006905197917414394,-0.0023648110722627852,-0.00834369770353035,-0.05916442169899647,-0.02817087687483119,0
0.007640671502162904,-0.04029392775540617,0.0425883701299609,-0.024408320177316034,0.09403411179052179,-0.005057890086806192,0.015245740548567307,-0.023661839001663305,-0.012871700183562809,0.02189494632473788,0.04578793887930947,-0.3471600685140543,-0.07367691059675759,-0.016615707040234594,0.1130695444983661,-0.1255890790595926,0.0,0.01822943801065278,-0.01245201142404801,-0.013334268201614754,-0.007833838737866063,0.0,0.0006286133986272626,-0.009885595473033193,-0.011082728714830138,0.005433148471653615,0.0,0.0,0.0,0.0,0.0,-0.118461534797589,0.010152371524147968,1
0.00039766174158673717,0.007640671502162904,-0.04029392775540617,0.0425883701299609,-0.024408320177316034,0.04451372791527807,0.034547371254248276,0.015245740548567307,-0.023661839001663305,-0.012871700183562809,0.02189494632473788,0.2273949105028266,-0.3471600685140543,-0.07367691059675759,-0.016615707040234594,0.1130695444983661,0.0,0.0,0.01822943801065278,-0.01245201142404801,-0.013334268201614754,0.0,0.0,0.0006286133986272626,-0.009885595473033193,-0.011082728714830138,0.0,0.0,0.0,0.0,0.0,-0.05903819330619646,-0.006843922258378296,1
0.04507455930372655,0.00039766174158673717,0.007640671502162904,-0.04029392775540617,0.0425883701299609,0.01793137974381086,0.011935657775458885,0.034547371254248276,0.015245740548567307,-0.023661839001663305,-0.012871700183562809,0.11917886194583592,0.2273949105028266,-0.3471600685140543,-0.07367691059675759,-0.016615707040234594,-0.004991226011661524,0.0,0.0,0.01822943801065278,-0.01245201142404801,-0.010422315069782594,0.0,0.0,0.0006286133986272626,-0.009885595473033193,-0.000989522146594618,-0.0041188800942849445,-0.0035242896902060498,-0.0029134960473999197,-0.004288843972261771,0.05326127831805486,0.013281454406713874,1
0.021245506961028567,0.04507455930372655,0.00039766174158673717,0.007640671502162904,-0.04029392775540617,0.046864826176202606,0.04879929442991155,0.011935657775458885,0.034547371254248276,0.015245740548567307,-0.023661839001663305,0.04653250969821406,0.11917886194583592,0.2273949105028266,-0.3471600685140543,-0.07367691059675759,0.01417654973362256,-0.004991226011661524,0.0,0.0,0.01822943801065278,0.02104805991550416,-0.010422315069782594,0.0,0.0,0.0006286133986272626,-0.006002185501920211,-0.004439204637345333,-0.0062177450235658275,-0.0021726826539798,-0.004784791982470792,0.1279049259178391,0.02285203256307815,1
